path	type	required	constraints	description
ITR.ITR1.CreationInfo.SWVersionNo	string	True	type=string, minLength=1, maxLength=10, pattern=|(\s*([\w\d_=!@#$%\^*\(\){}\[\]\|\\:;',\.\?/~`\-\+<>&"][\s\w\d_=!@#$%\^*\(\){}\[\]\|\\:;',\.\?/~`\-\+<>&"]*)\s*), REQUIRED	
ITR.ITR1.CreationInfo.SWCreatedBy	string	True	type=string, pattern=[S][W][0-9]{8}, REQUIRED	
ITR.ITR1.CreationInfo.JSONCreatedBy	string	True	type=string, pattern=[S][W][0-9]{8}, REQUIRED	
ITR.ITR1.CreationInfo.JSONCreationDate	string	True	type=string, pattern=([12]\d{3}-(0[1-9]|1[0-2])-(0[1-9]|[12]\d|3[01])), REQUIRED	JSONCreationDate in YYYY-MM-DD format
ITR.ITR1.CreationInfo.IntermediaryCity	string	True	type=string, minLength=1, maxLength=25, pattern=|(\s*([\w\d_=!@#$%\^*\(\){}\[\]\|\\:;',\.\?/~`\-\+<>&"][\s\w\d_=!@#$%\^*\(\){}\[\]\|\\:;',\.\?/~`\-\+<>&"]*)\s*), REQUIRED	
ITR.ITR1.CreationInfo.Digest	string	True	type=string, pattern=-|.{44}, REQUIRED	
ITR.ITR1.Form_ITR1.FormName	string	True	type=string, pattern=ITR-1, REQUIRED	
ITR.ITR1.Form_ITR1.Description	string	True	type=string, minLength=1, maxLength=75, pattern=|(\s*([\w\d_=!@#$%\^*\(\){}\[\]\|\\:;',\.\?/~`\-\+<>&"][\s\w\d_=!@#$%\^*\(\){}\[\]\|\\:;',\.\?/~`\-\+<>&"]*)\s*), REQUIRED	
ITR.ITR1.Form_ITR1.AssessmentYear	string	True	type=string, minLength=4, maxLength=4, pattern=2025, REQUIRED	
ITR.ITR1.Form_ITR1.SchemaVer	string	True	type=string, minLength=1, maxLength=10, pattern=Ver1.0, REQUIRED	
ITR.ITR1.Form_ITR1.FormVer	string	True	type=string, minLength=1, maxLength=10, pattern=Ver1.0, REQUIRED	
ITR.ITR1.PartA_139_8A.PAN	string	True	type=string, pattern=[A-Z]{5}[0-9]{4}[A-Z], REQUIRED	
ITR.ITR1.PartA_139_8A.Name	string	True	type=string, maxLength=125, pattern=|(\s*([\w\d_=!@#$%\^*\(\){}\[\]\|\\:;',\.\?/~`\-\+<>&"][\s\w\d_=!@#$%\^*\(\){}\[\]\|\\:;',\.\?/~`\-\+<>&"]*)\s*), REQUIRED	
ITR.ITR1.PartA_139_8A.AadhaarCardNo	string	False	type=string, pattern=[0-9]{12}	
ITR.ITR1.PartA_139_8A.AssessmentYear	string	True	type=string, pattern=2025, REQUIRED	
ITR.ITR1.PartA_139_8A.PreviouslyFiledForThisAY	string	True	type=string, pattern=Y|N, REQUIRED	
ITR.ITR1.PartA_139_8A.PreviouslyFiledForThisAY_139_8A	string	False	type=string, pattern=|(\s*([\w\d_=!@#$%\^*\(\){}\[\]\|\\:;',\.\?/~`\-\+<>&"][\s\w\d_=!@#$%\^*\(\){}\[\]\|\\:;',\.\?/~`\-\+<>&"]*)\s*), enum=['1', '2']	1 - 139(1); 2 - Other
ITR.ITR1.PartA_139_8A.Applicable_139_8A.ITRForm	string	False	type=string, pattern=|(\s*([\w\d_=!@#$%\^*\(\){}\[\]\|\\:;',\.\?/~`\-\+<>&"][\s\w\d_=!@#$%\^*\(\){}\[\]\|\\:;',\.\?/~`\-\+<>&"]*)\s*), enum=['ITR1', 'ITR2', 'ITR3', 'ITR4', 'ITR5', 'ITR6', 'ITR7']	ITR1 - ITR1; ITR2 - ITR2; ITR3 - ITR3; ITR4 - ITR4; ITR5 - ITR5; ITR6 - ITR6; ITR7 - ITR7;
ITR.ITR1.PartA_139_8A.Applicable_139_8A.AcknowledgementNo	string	True	type=string, maxLength=15, pattern=[0-9]{15}, REQUIRED	Enter Acknowledgment No. of Original return
ITR.ITR1.PartA_139_8A.Applicable_139_8A.OrigRetFiledDate	string	True	type=string, pattern=([12]\d{3}-(0[1-9]|1[0-2])-(0[1-9]|[12]\d|3[01])), REQUIRED	Enter Date of filing of Original return in YYYY-MM-DD format
ITR.ITR1.PartA_139_8A.LaidOutIn_139_8A	string	True	type=string, pattern=Y|N, REQUIRED	
ITR.ITR1.PartA_139_8A.ITRFormUpdatingInc	string	True	type=string, pattern=|(\s*([\w\d_=!@#$%\^*\(\){}\[\]\|\\:;',\.\?/~`\-\+<>&"][\s\w\d_=!@#$%\^*\(\){}\[\]\|\\:;',\.\?/~`\-\+<>&"]*)\s*), enum=['ITR1'], REQUIRED	ITR1 - ITR1
ITR.ITR1.PartA_139_8A.UpdatingInc.ReasonsForUpdatingIncDtls[].ReasonsForUpdatingIncome	string	True	type=string, pattern=|(\s*([\w\d_=!@#$%\^*\(\){}\[\]\|\\:;',\.\?/~`\-\+<>&"][\s\w\d_=!@#$%\^*\(\){}\[\]\|\\:;',\.\?/~`\-\+<>&"]*)\s*), enum=['1', '2', '3', '4', '5', '6', '7', 'OTH'], REQUIRED	1 - Return previously not filed; 2 - Income not reported correctly; 3 - Wrong heads of income chosen; 4 - Reduction of carried forward loss; 5 - Reduction of unabsorbed depreciation; 6 - Reduction of tax credit u/s 115JB/115JC; 7 - Wrong rate of tax; OTH-Others
ITR.ITR1.PartA_139_8A.UpdatedReturnDuringPeriod	string	True	type=string, pattern=|(\s*([\w\d_=!@#$%\^*\(\){}\[\]\|\\:;',\.\?/~`\-\+<>&"][\s\w\d_=!@#$%\^*\(\){}\[\]\|\\:;',\.\?/~`\-\+<>&"]*)\s*), enum=['1', '2', '3', '4'], REQUIRED	1 - Up to 12 months from the end of Relevant Assessment Year; 2 - Between 12 to 24 Months from the end of Relevant Assessment Year; 3 - Between 24 to 36 Months from the end of Relevant Assessment Year; 4 - Between 36 to 48 Months from the end of Relevant Assessment Year
ITR.ITR1.PartA_139_8A.RetrntoRedCarriedFL.UnabsorbedDepreciation	string	True	type=string, pattern=Y|N, REQUIRED	
ITR.ITR1.PartA_139_8A.RetrntoRedCarriedFL.UDYear.UnabsorbedDepreciationYearDtls[].UnabsorbedDepreciationYear	string	True	type=string, pattern=|(\s*([\w\d_=!@#$%\^*\(\){}\[\]\|\\:;',\.\?/~`\-\+<>&"][\s\w\d_=!@#$%\^*\(\){}\[\]\|\\:;',\.\?/~`\-\+<>&"]*)\s*), enum=['2026', '2027'], REQUIRED	2026; 2027
ITR.ITR1.PartA_139_8A.RetrntoRedCarriedFL.UDYear.UnabsorbedDepreciationYearDtls[].RevisedReturnFile	string	False	type=string, pattern=Y|N	
ITR.ITR1.PartA_139_8A.RetrntoRedCarriedFL.UDYear.UnabsorbedDepreciationYearDtls[].UpdatedReturnFile	string	False	type=string, pattern=Y|N	
ITR.ITR1.PartB-ATI.HeadOfInc.Salaries	integer	False	type=integer, minimum=-99999999999999, maximum=99999999999999	Income from Salary
ITR.ITR1.PartB-ATI.HeadOfInc.IncomeFromHP	integer	False	type=integer, minimum=-99999999999999, maximum=99999999999999	Income from house property
ITR.ITR1.PartB-ATI.HeadOfInc.IncomeFromBP	integer	False	type=integer, minimum=-99999999999999, maximum=99999999999999	Income from Business or Profession
ITR.ITR1.PartB-ATI.HeadOfInc.IncomeFromCG	integer	False	type=integer, minimum=-99999999999999, maximum=99999999999999	Income from Capital Gains
ITR.ITR1.PartB-ATI.HeadOfInc.IncomeFromOS	integer	False	type=integer, minimum=-99999999999999, maximum=99999999999999	Income from Other Sources
ITR.ITR1.PartB-ATI.HeadOfInc.Total	integer	False	type=integer, minimum=-99999999999999, maximum=99999999999999	
ITR.ITR1.PartB-ATI.LatestTotInc	integer	False	type=integer, minimum=0, maximum=99999999999999	
ITR.ITR1.PartB-ATI.UpdatedTotInc	integer	True	type=integer, minimum=0, maximum=99999999999999, REQUIRED	
ITR.ITR1.PartB-ATI.AmtPayable	integer	True	type=integer, minimum=0, maximum=99999999999999, REQUIRED	
ITR.ITR1.PartB-ATI.AmtRefundable	integer	False	type=integer, minimum=0, maximum=99999999999999	
ITR.ITR1.PartB-ATI.LastAmtPayable	integer	False	type=integer, minimum=0, maximum=99999999999999	
ITR.ITR1.PartB-ATI.Refund	integer	False	type=integer, minimum=0, maximum=99999999999999	
ITR.ITR1.PartB-ATI.TotRefund	integer	False	type=integer, minimum=0, maximum=99999999999999	
ITR.ITR1.PartB-ATI.FeeIncUS234F	integer	True	type=integer, minimum=0, maximum=5000, REQUIRED	
ITR.ITR1.PartB-ATI.RegAssessementTAX	integer	False	type=integer, minimum=0, maximum=99999999999999	
ITR.ITR1.PartB-ATI.AggrLiabilityRefund	integer	True	type=integer, minimum=0, maximum=99999999999999, REQUIRED	
ITR.ITR1.PartB-ATI.AggrLiabilityNoRefund	integer	True	type=integer, minimum=0, maximum=99999999999999, REQUIRED	
ITR.ITR1.PartB-ATI.AddtnlIncTax	integer	True	type=integer, minimum=0, maximum=99999999999999, REQUIRED	
ITR.ITR1.PartB-ATI.NetPayable	integer	True	type=integer, minimum=0, maximum=99999999999999, REQUIRED	
ITR.ITR1.PartB-ATI.TaxUS140B	integer	True	type=integer, minimum=0, maximum=99999999999999, REQUIRED	
ITR.ITR1.PartB-ATI.TaxDue10_11	integer	True	type=integer, minimum=0, maximum=99999999999999, REQUIRED	
ITR.ITR1.PartB-ATI.ScheduleIT1.TaxPayment1.ITTaxPayments[].slno	integer	False	type=integer, minimum=0, maximum=99999999999999	
ITR.ITR1.PartB-ATI.ScheduleIT1.TaxPayment1.ITTaxPayments[].BSRCode	string	True	type=string, pattern=[0-9]{3}[0-9A-Z]{4}, REQUIRED	
ITR.ITR1.PartB-ATI.ScheduleIT1.TaxPayment1.ITTaxPayments[].DateDep	string	True	type=string, pattern=([12]\d{3}-(0[1-9]|1[0-2])-(0[1-9]|[12]\d|3[01])), REQUIRED	Date in YYYY-MM-DD format on or after 2022-04-01
ITR.ITR1.PartB-ATI.ScheduleIT1.TaxPayment1.ITTaxPayments[].SrlNoOfChaln	integer	True	type=integer, minimum=0, maximum=99999, REQUIRED	
ITR.ITR1.PartB-ATI.ScheduleIT1.TaxPayment1.ITTaxPayments[].Amt	integer	True	type=integer, minimum=0, maximum=99999999999999, REQUIRED	
ITR.ITR1.PartB-ATI.ScheduleIT1.Total	integer	True	type=integer, minimum=0, maximum=99999999999999, REQUIRED	
ITR.ITR1.PartB-ATI.ScheduleIT2.TaxPayment2.ITTaxPayments[].slno	integer	False	type=integer, minimum=0, maximum=99999999999999	
ITR.ITR1.PartB-ATI.ScheduleIT2.TaxPayment2.ITTaxPayments[].BSRCode	string	True	type=string, pattern=[0-9]{3}[0-9A-Z]{4}, REQUIRED	
ITR.ITR1.PartB-ATI.ScheduleIT2.TaxPayment2.ITTaxPayments[].DateDep	string	True	type=string, pattern=([12]\d{3}-(0[1-9]|1[0-2])-(0[1-9]|[12]\d|3[01])), REQUIRED	Date in YYYY-MM-DD format on or after 2022-04-01
ITR.ITR1.PartB-ATI.ScheduleIT2.TaxPayment2.ITTaxPayments[].SrlNoOfChaln	integer	True	type=integer, minimum=0, maximum=99999, REQUIRED	
ITR.ITR1.PartB-ATI.ScheduleIT2.TaxPayment2.ITTaxPayments[].Amt	integer	True	type=integer, minimum=0, maximum=99999999999999, REQUIRED	
ITR.ITR1.PartB-ATI.ScheduleIT2.Total	integer	True	type=integer, minimum=0, maximum=99999999999999, REQUIRED	
ITR.ITR1.PartB-ATI.ReleifUS89	integer	True	type=integer, minimum=0, maximum=99999999999999, REQUIRED	
ITR.ITR1.PersonalInfo.AssesseeName.FirstName	string	False	type=string, maxLength=25, pattern=|(\s*([\w\d_=!@#$%\^*\(\){}\[\]\|\\:;',\.\?/~`\-\+<>&"][\s\w\d_=!@#$%\^*\(\){}\[\]\|\\:;',\.\?/~`\-\+<>&"]*)\s*)	
ITR.ITR1.PersonalInfo.AssesseeName.MiddleName	string	False	type=string, maxLength=25, pattern=|(\s*([\w\d_=!@#$%\^*\(\){}\[\]\|\\:;',\.\?/~`\-\+<>&"][\s\w\d_=!@#$%\^*\(\){}\[\]\|\\:;',\.\?/~`\-\+<>&"]*)\s*)	
ITR.ITR1.PersonalInfo.AssesseeName.SurNameOrOrgName	string	True	type=string, minLength=1, maxLength=75, pattern=|(\s*([\w\d_=!@#$%\^*\(\){}\[\]\|\\:;',\.\?/~`\-\+<>&"][\s\w\d_=!@#$%\^*\(\){}\[\]\|\\:;',\.\?/~`\-\+<>&"]*)\s*), REQUIRED	Enter Last or Sur name for Individual name here
ITR.ITR1.PersonalInfo.PAN	string	True	type=string, pattern=[A-Z]{5}[0-9]{4}[A-Z], REQUIRED	
ITR.ITR1.PersonalInfo.Address.ResidenceNo	string	True	type=string, minLength=1, maxLength=50, pattern=|(\s*([\w\d_=!@#$%\^*\(\){}\[\]\|\\:;',\.\?/~`\-\+<>&"][\s\w\d_=!@#$%\^*\(\){}\[\]\|\\:;',\.\?/~`\-\+<>&"]*)\s*), REQUIRED	
ITR.ITR1.PersonalInfo.Address.ResidenceName	string	False	type=string, maxLength=50, pattern=|(\s*([\w\d_=!@#$%\^*\(\){}\[\]\|\\:;',\.\?/~`\-\+<>&"][\s\w\d_=!@#$%\^*\(\){}\[\]\|\\:;',\.\?/~`\-\+<>&"]*)\s*)	
ITR.ITR1.PersonalInfo.Address.RoadOrStreet	string	False	type=string, maxLength=50, pattern=|(\s*([\w\d_=!@#$%\^*\(\){}\[\]\|\\:;',\.\?/~`\-\+<>&"][\s\w\d_=!@#$%\^*\(\){}\[\]\|\\:;',\.\?/~`\-\+<>&"]*)\s*)	
ITR.ITR1.PersonalInfo.Address.LocalityOrArea	string	True	type=string, minLength=1, maxLength=50, pattern=|(\s*([\w\d_=!@#$%\^*\(\){}\[\]\|\\:;',\.\?/~`\-\+<>&"][\s\w\d_=!@#$%\^*\(\){}\[\]\|\\:;',\.\?/~`\-\+<>&"]*)\s*), REQUIRED	
ITR.ITR1.PersonalInfo.Address.CityOrTownOrDistrict	string	True	type=string, minLength=1, maxLength=50, pattern=|(\s*([\w\d_=!@#$%\^*\(\){}\[\]\|\\:;',\.\?/~`\-\+<>&"][\s\w\d_=!@#$%\^*\(\){}\[\]\|\\:;',\.\?/~`\-\+<>&"]*)\s*), REQUIRED	
ITR.ITR1.PersonalInfo.Address.StateCode	string	True	type=string, pattern=|(\s*([\w\d_=!@#$%\^*\(\){}\[\]\|\\:;',\.\?/~`\-\+<>&"][\s\w\d_=!@#$%\^*\(\){}\[\]\|\\:;',\.\?/~`\-\+<>&"]*)\s*), enum=['01', '02', '03', '04', '05', '06', '07', '08', '09', '10', '11', '12', '13', '14', '15', '16', '17', '18', '19', '20', '21', '22', '23', '24', '25', '26', '27…], REQUIRED	01-Andaman and Nicobar islands; 02-Andhra Pradesh; 03-Arunachal Pradesh; 04-Assam; 05-Bihar; 06-Chandigarh; 07-Dadra Nagar and Haveli; 08-Daman and Diu; 09- Delhi; 10- Goa; 11-Gujarat; 12- Haryana; 13- Himachal Pradesh; 14-Jammu and Kashmir; 15- Karnataka; 16- Kerala; 17- Lakshadweep; 18-Madhya Pradesh; 19-Maharashtra; 20-Manipur; 21-meghalaya; 22-Mizoram; 23-Nagaland; 24- Odisha; 25- Puducherry; 26- Punjab; 27-Rajasthan; 28- Sikkim; 29-Tamil Nadu; 30- Tripura; 31-Uttar Pradesh; 32- West Bengal; 33- Chhattisgarh; 34- Uttarakhand; 35- Jharkhand; 36- Telangana; 37- Ladakh; 99-Foreign
ITR.ITR1.PersonalInfo.Address.CountryCode	string	True	type=string, pattern=|(\s*([\w\d_=!@#$%\^*\(\){}\[\]\|\\:;',\.\?/~`\-\+<>&"][\s\w\d_=!@#$%\^*\(\){}\[\]\|\\:;',\.\?/~`\-\+<>&"]*)\s*), enum=['93', '1001', '355', '213', '684', '376', '244', '1264', '1010', '1268', '54', '374', '297', '61', '43', '994', '1242', '973', '880', '1246', '375', '32', '501…], REQUIRED	93:AFGHANISTAN; 1001:ÅLAND ISLANDS; 355:ALBANIA; 213:ALGERIA; 684:AMERICAN SAMOA; 376:ANDORRA; 244:ANGOLA; 1264:ANGUILLA; 1010:ANTARCTICA; 1268:ANTIGUA AND BARBUDA; 54:ARGENTINA; 374:ARMENIA; 297:ARUBA; 61:AUSTRALIA; 43:AUSTRIA; 994:AZERBAIJAN; 1242:BAHAMAS; 973:BAHRAIN; 880:BANGLADESH; 1246:BARBADOS; 375:BELARUS; 32:BELGIUM; 501:BELIZE; 229:BENIN; 1441:BERMUDA; 975:BHUTAN; 591:BOLIVIA (PLURINATIONAL STATE OF); 1002:BONAIRE, SINT EUSTATIUS AND SABA; 387:BOSNIA AND HERZEGOVINA; 267:BOTSWANA; 1003:BOUVET ISLAND; 55:BRAZIL; 1014:BRITISH INDIAN OCEAN TERRITORY; 673:BRUNEI DARUSSALAM; 359:BULGARIA; 226: BURKINA FASO; 257:BURUNDI; 238:CABO VERDE; 855:CAMBODIA; 237:CAMEROON; 1:CANADA; 1345:CAYMAN ISLANDS; 236:CENTRAL AFRICAN REPUBLIC; 235:CHAD; 56:CHILE; 86:CHINA; 9:CHRISTMAS ISLAND; 672:COCOS (KEELING) ISLANDS; 57:COLOMBIA; 270:COMOROS; 242:CONGO; 243:CONGO (DEMOCRATIC REPUBLIC OF THE); 682:COOK ISLANDS; 506:COSTA RICA; 225:CÔTE D'IVOIRE; 385:CROATIA; 53:CUBA; 1015:CURAÇAO; 357:CYPRUS; 420:CZECHIA; 45:DENMARK; 253:DJIBOUTI; 1767:DOMINICA; 1809:DOMINICAN REPUBLIC; 593:ECUADOR; 20:EGYPT; 503:EL SALVADOR; 240:EQUATORIAL GUINEA; 291:ERITREA; 372:ESTONIA; 251:ETHIOPIA; 500:FALKLAND ISLANDS (MALVINAS); 298:FAROE ISLANDS; 679:FIJI; 358:FINLAND; 33:FRANCE; 594:FRENCH GUIANA; 689:FRENCH POLYNESIA; 1004:FRENCH SOUTHERN TERRITORIES; 241:GABON; 220:GAMBIA; 995:GEORGIA; 49:GERMANY; 233:GHANA; 350:GIBRALTAR; 30:GREECE; 299:GREENLAND; 1473:GRENADA; 590:GUADELOUPE; 1671:GUAM; 502:GUATEMALA; 1481:GUERNSEY; 224:GUINEA; 245:GUINEA-BISSAU; 592:GUYANA; 509:HAITI; 1005:HEARD ISLAND AND MCDONALD ISLANDS; 6:HOLY SEE; 504:HONDURAS; 852:HONG KONG; 36:HUNGARY; 354:ICELAND; 91:INDIA; 62:INDONESIA; 98:IRAN (ISLAMIC REPUBLIC OF); 964:IRAQ; 353:IRELAND; 1624:ISLE OF MAN; 972:ISRAEL; 5:ITALY; 1876:JAMAICA; 81:JAPAN; 1534:JERSEY; 962:JORDAN; 7:KAZAKHSTAN; 254:KENYA; 686:KIRIBATI; 850:KOREA(DEMOCRATIC PEOPLE'S REPUBLIC OF); 82:KOREA (REPUBLIC OF); 965:KUWAIT; 996:KYRGYZSTAN; 856:LAO PEOPLE'S DEMOCRATIC REPUBLIC; 371:LATVIA; 961:LEBANON; 266:LESOTHO; 231:LIBERIA; 218:LIBYA; 423:LIECHTENSTEIN; 370:LITHUANIA; 352:LUXEMBOURG; 853:MACAO; 389:MACEDONIA(THE FORMER YUGOSLAV REPUBLIC OF); 261:MADAGASCAR; 265:MALAWI; 60:MALAYSIA; 960:MALDIVES; 223:MALI; 356:MALTA; 692:MARSHALL ISLANDS; 596:MARTINIQUE; 222:MAURITANIA; 230:MAURITIUS; 269:MAYOTTE; 52:MEXICO; 691:MICRONESIA (FEDERATED STATES OF); 373:MOLDOVA (REPUBLIC OF); 377:MONACO; 976:MONGOLIA; 382:MONTENEGRO; 1664:MONTSERRAT; 212:MOROCCO; 258:MOZAMBIQUE; 95:MYANMAR; 264:NAMIBIA; 674:NAURU; 977:NEPAL; 31:NETHERLANDS; 687:NEW CALEDONIA; 64:NEW ZEALAND; 505:NICARAGUA; 227:NIGER; 234:NIGERIA; 683:NIUE; 15:NORFOLK ISLAND; 1670:NORTHERN MARIANA ISLANDS; 47:NORWAY; 968:OMAN; 92:PAKISTAN; 680:PALAU; 970:PALESTINE, STATE OF; 507:PANAMA; 675:PAPUA NEW GUINEA; 595:PARAGUAY; 51:PERU; 63:PHILIPPINES; 1011:PITCAIRN; 48:POLAND; 14:PORTUGAL; 1787:PUERTO RICO; 974:QATAR; 262:RÉUNION; 40:ROMANIA; 8:RUSSIAN FEDERATION; 250:RWANDA; 1006:SAINT BARTHÉLEMY; 290: SAINT HELENA, ASCENSION AND TRISTAN DA CUNHA; 1869:SAINT KITTS AND NEVIS; 1758:SAINT LUCIA; 1007:SAINT MARTIN (FRENCH PART); 508:SAINT PIERRE AND MIQUELON; 1784:SAINT VINCENT AND THE GRENADINES; 685:SAMOA; 378:SAN MARINO; 239:SAO TOME AND PRINCIPE; 966:SAUDI ARABIA; 221:SENEGAL; 381:SERBIA; 248:SEYCHELLES; 232:SIERRA LEONE; 65:SINGAPORE; 1721:SINT MAARTEN (DUTCH PART); 421:SLOVAKIA; 386:SLOVENIA; 677:SOLOMON ISLANDS; 252:SOMALIA; 28:SOUTH AFRICA; 1008:SOUTH GEORGIA AND THE SOUTH SANDWICH ISLANDS; 211:SOUTH SUDAN; 35:SPAIN; 94:SRI LANKA; 249:SUDAN; 597:SURINAME; 1012:SVALBARD AND JAN MAYEN; 268:SWAZILAND; 46:SWEDEN; 41:SWITZERLAND; 963:SYRIAN ARAB REPUBLIC; 886:TAIWAN; 992:TAJIKISTAN; 255:TANZANIA, UNITED REPUBLIC OF; 66:THAILAND; 670:TIMOR-LESTE (EAST TIMOR); 228:TOGO; 690:TOKELAU; 676:TONGA; 1868:TRINIDAD AND TOBAGO; 216:TUNISIA; 90:TURKEY; 993:TURKMENISTAN; 1649:TURKS AND CAICOS ISLANDS; 688:TUVALU; 256:UGANDA; 380:UKRAINE; 971:UNITED ARAB EMIRATES; 44:UNITED KINGDOM OF GREAT BRITAIN AND NORTHERN IRELAND; 2:UNITED STATES OF AMERICA; 1009:UNITED STATES MINOR OUTLYING ISLANDS; 598:URUGUAY; 998:UZBEKISTAN; 678:VANUATU; 58:VENEZUELA (BOLIVARIAN REPUBLIC OF); 84:VIET NAM; 1284:VIRGIN ISLANDS (BRITISH); 1340:VIRGIN ISLANDS (U.S.); 681:WALLIS AND FUTUNA; 1013:WESTERN SAHARA; 967:YEMEN; 260:ZAMBIA; 263:ZIMBABWE; 9999:OTHERS
ITR.ITR1.PersonalInfo.Address.PinCode	integer	False	type=integer, pattern=[1-9]{1}[0-9]{5}	
ITR.ITR1.PersonalInfo.Address.ZipCode	string	False	type=string, maxLength=8, pattern=|(\s*([\w\d_=!@#$%\^*\(\){}\[\]\|\\:;',\.\?/~`\-\+<>&"][\s\w\d_=!@#$%\^*\(\){}\[\]\|\\:;',\.\?/~`\-\+<>&"]*)\s*)	
ITR.ITR1.PersonalInfo.Address.CountryCodeMobile	integer	True	type=integer, pattern=[0-9]{1,5}, REQUIRED	
ITR.ITR1.PersonalInfo.Address.MobileNo	integer	True	type=integer, pattern=[1-9]{1}[0-9]{9}|[1-9]{1}[0-9]{4,9}, REQUIRED	
ITR.ITR1.PersonalInfo.Address.EmailAddress	string	True	type=string, maxLength=125, pattern=([\.a-zA-Z0-9_\-])+@([a-zA-Z0-9_\-])+(([a-zA-Z0-9_\-])*\.([a-zA-Z0-9_\-])+)+, REQUIRED	
ITR.ITR1.PersonalInfo.DOB	string	True	type=string, pattern=([12]\d{3}-(0[1-9]|1[0-2])-(0[1-9]|[12]\d|3[01])), REQUIRED	Date of Birth of the Assessee format YYYY-MM-DD; maximum date allowed 2025-03-31
ITR.ITR1.PersonalInfo.EmployerCategory	string	True	type=string, enum=['CGOV', 'SGOV', 'PSU', 'PE', 'PESG', 'PEPS', 'PEO', 'OTH', 'NA'], REQUIRED	CGOV:Central Government, SGOV:State Government, PSU:Public Sector Unit, PE:Pensioners - Central Government, PESG:Pensioners - State Government, PEPS:Pensioners - Public sector undertaking, PEO:Pensioners - Others, OTH:Others, NA:Not Applicable
ITR.ITR1.PersonalInfo.AadhaarCardNo	string	False	type=string, pattern=[0-9]{12}	
ITR.ITR1.FilingStatus.ReturnFileSec	integer	True	type=integer, minimum=11, maximum=21, enum=[11, 12, 13, 14, 16, 17, 18, 20, 21], REQUIRED	11 : 139(1)-On or before due date, 12 : 139(4)-After due date, 13 : 142(1), 14 : 148, 16 : 153C, 17 : 139(5)-Revised , 18 : 139(9), 20 : 119(2)(b)-After condonation of delay, 21 : 139(8A)-Updated Return
ITR.ITR1.FilingStatus.OptOutNewTaxRegime	string	True	type=string, pattern=Y|N, REQUIRED	
ITR.ITR1.FilingStatus.SeventhProvisio139	string	False	type=string, pattern=Y|N	
ITR.ITR1.FilingStatus.IncrExpAggAmt2LkTrvFrgnCntryFlg	string	False	type=string, pattern=Y|N	
ITR.ITR1.FilingStatus.AmtSeventhProvisio139ii	integer	False	type=integer, minimum=200000, maximum=99999999999999	
ITR.ITR1.FilingStatus.IncrExpAggAmt1LkElctrctyPrYrFlg	string	False	type=string, pattern=Y|N	
ITR.ITR1.FilingStatus.AmtSeventhProvisio139iii	integer	False	type=integer, minimum=100000, maximum=99999999999999	
ITR.ITR1.FilingStatus.clauseiv7provisio139i	string	False	type=string, pattern=Y|N	
ITR.ITR1.FilingStatus.clauseiv7provisio139iDtls[].clauseiv7provisio139iNature	string	True	type=string, enum=['1', '2'], REQUIRED	1 - the aggregate of tax deducted at source and tax collected at source during the previous year, in the case of the person, is twenty-five thousand rupees or more(fifty thousand for resident senior citizen); 2 - the deposit in one or more savings bank account of the person, in aggregate, is fifty lakh rupees or more, in the previous year
ITR.ITR1.FilingStatus.clauseiv7provisio139iDtls[].clauseiv7provisio139iAmount	integer	True	type=integer, minimum=0, maximum=99999999999999, REQUIRED	
ITR.ITR1.FilingStatus.ReceiptNo	string	False	type=string, pattern=[0-9]{15}	Enter the Acknowledgement number of the original return.
ITR.ITR1.FilingStatus.NoticeNo	string	False	type=string, maxLength=100, pattern=|(\s*([\w\d_=!@#$%\^*\(\){}\[\]\|\\:;',\.\?/~`\-\+<>&"][\s\w\d_=!@#$%\^*\(\){}\[\]\|\\:;',\.\?/~`\-\+<>&"]*)\s*)	
ITR.ITR1.FilingStatus.OrigRetFiledDate	string	False	type=string, pattern=([12]\d{3}-(0[1-9]|1[0-2])-(0[1-9]|[12]\d|3[01]))	Enter Date of filing of Original return in YYYY-MM-DD format
ITR.ITR1.FilingStatus.NoticeDateUnderSec	string	False	type=string, pattern=([12]\d{3}-(0[1-9]|1[0-2])-(0[1-9]|[12]\d|3[01]))	Enter Date of Notice or Order in YYYY-MM-DD format
ITR.ITR1.FilingStatus.ItrFilingDueDate	string	True	type=string, minLength=9, maxLength=10, pattern=2025-07-31, REQUIRED	
ITR.ITR1.ITR1_IncomeDeductions.GrossSalary	integer	True	type=integer, minimum=0, maximum=99999999999999, REQUIRED	
ITR.ITR1.ITR1_IncomeDeductions.Salary	integer	False	type=integer, minimum=0, maximum=99999999999999	
ITR.ITR1.ITR1_IncomeDeductions.PerquisitesValue	integer	False	type=integer, minimum=0, maximum=99999999999999	
ITR.ITR1.ITR1_IncomeDeductions.ProfitsInSalary	integer	False	type=integer, minimum=0, maximum=99999999999999	
ITR.ITR1.ITR1_IncomeDeductions.IncomeNotified89A	integer	True	type=integer, minimum=0, maximum=99999999999999, REQUIRED	
ITR.ITR1.ITR1_IncomeDeductions.IncomeNotified89AType[].NOT89ACountrycode	string	True	type=string, enum=['US', 'UK', 'CA'], REQUIRED	US - United States; UK - United Kingdom; CA - Canada
ITR.ITR1.ITR1_IncomeDeductions.IncomeNotified89AType[].NOT89AAmount	integer	True	type=integer, minimum=0, maximum=99999999999999, REQUIRED	
ITR.ITR1.ITR1_IncomeDeductions.IncomeNotifiedOther89A	integer	False	type=integer, minimum=0, maximum=99999999999999	
ITR.ITR1.ITR1_IncomeDeductions.AllwncExemptUs10.AllwncExemptUs10Dtls[].SalNatureDesc	string	True	type=string, pattern=|(\s*([\w\d_=!@#$%\^*\(\){}\[\]\|\\:;',\.\?/~`\-\+<>&"][\s\w\d_=!@#$%\^*\(\){}\[\]\|\\:;',\.\?/~`\-\+<>&"]*)\s*), enum=['10(5)', '10(6)', '10(7)', '10(10)', '10(10A)', '10(10AA)', '10(10B)(i)', '10(10B)(ii)', '10(10C)', '10(10CC)', '10(13A)', '10(14)(i)', '10(14)(ii)', '10(14)(i…], REQUIRED	10(5) - Sec 10(5)-Leave Travel concession/assistance; 10(6) - Sec 10(6)-Remuneration received as an official, by whatever name called, of an embassy, high commission etc.; 10(7) - Sec 10(7)-Allowances or perquisites paid or allowed as such outside India by the Government to a citizen of India for rendering service outside India; 10(10) - Sec 10(10)-Death-cum-retirement gratuity received ; 10(10A) - Sec 10(10A)-Commuted value of pension received; 10(10AA) - Sec 10(10AA)-Earned leave encashment on Retirement; 10(10B)(i) - Sec 10(10B)-First proviso - Compensation limit notified by CG in the Official Gazette; 10(10B)(ii) - Sec 10(10B)-Second proviso - Compensation under scheme approved by the Central Government; 10(10C) - Sec 10(10C)- Amount received/receivable on voluntary retirement or termination of service; 10(10CC) - Sec 10(10CC)-Tax paid by employer on non-monetary perquisite; 10(13A) - Sec 10(13A)-Allowance to meet expenditure incurred on house rent; 10(14)(i) - Sec 10(14)(i)- Prescribed Allowances or benefits (not in a nature of perquisite) specifically granted to meet expenses wholly, necessarily and exclusively and to the extent actually incurred, in performance of duties of office or employment; 10(14)(ii) - Sec 10(14)(ii) -Prescribed Allowances or benefits granted to meet personal expenses in performance of duties of office or employment or to compensate him for increased cost of living. ; 10(14)(i)(115BAC) - Sec 10(14)(i) -Allowances referred in sub-clauses (a) to (c) of sub-rule (1) in Rule 2BB ; 10(14)(ii)(115BAC) - Sec 10(14)(ii) -Transport allowance granted to certain physically handicapped assessee ; EIC - Exempt income received by a judge covered under the payment of salaries to Supreme Court/High Court judges Act /Rules ; OTH - Any Other
ITR.ITR1.ITR1_IncomeDeductions.AllwncExemptUs10.AllwncExemptUs10Dtls[].SalOthNatOfInc	string	False	type=string, maxLength=125, pattern=|(\s*([\w\d_=!@#$%\^*\(\){}\[\]\|\\:;',\.\?/~`\-\+<>&"][\s\w\d_=!@#$%\^*\(\){}\[\]\|\\:;',\.\?/~`\-\+<>&"]*)\s*)	
ITR.ITR1.ITR1_IncomeDeductions.AllwncExemptUs10.AllwncExemptUs10Dtls[].SalOthAmount	integer	True	type=integer, minimum=0, maximum=99999999999999, REQUIRED	
ITR.ITR1.ITR1_IncomeDeductions.AllwncExemptUs10.TotalAllwncExemptUs10	integer	True	type=integer, minimum=0, maximum=99999999999999, REQUIRED	
ITR.ITR1.ITR1_IncomeDeductions.Increliefus89A	integer	False	type=integer, minimum=0, maximum=99999999999999	
ITR.ITR1.ITR1_IncomeDeductions.NetSalary	integer	True	type=integer, minimum=0, maximum=99999999999999, REQUIRED	
ITR.ITR1.ITR1_IncomeDeductions.DeductionUs16	integer	True	type=integer, minimum=0, maximum=99999999999999, REQUIRED	
ITR.ITR1.ITR1_IncomeDeductions.DeductionUs16ia	integer	False	type=integer, minimum=0, maximum=75000	
ITR.ITR1.ITR1_IncomeDeductions.EntertainmentAlw16ii	integer	False	type=integer, minimum=0, maximum=5000	
ITR.ITR1.ITR1_IncomeDeductions.ProfessionalTaxUs16iii	integer	False	type=integer, minimum=0, maximum=5000	
ITR.ITR1.ITR1_IncomeDeductions.IncomeFromSal	integer	True	type=integer, minimum=0, maximum=99999999999999, REQUIRED	
ITR.ITR1.ITR1_IncomeDeductions.TypeOfHP	string	False	type=string, pattern=S|L|D	House Property income Type - S:Self Occupied; L:Let Out; D:Deemed let out
ITR.ITR1.ITR1_IncomeDeductions.GrossRentReceived	integer	False	type=integer, minimum=0, maximum=99999999999999	
ITR.ITR1.ITR1_IncomeDeductions.TaxPaidlocalAuth	integer	False	type=integer, minimum=0, maximum=99999999999999	
ITR.ITR1.ITR1_IncomeDeductions.AnnualValue	integer	True	type=integer, minimum=0, maximum=99999999999999, REQUIRED	
ITR.ITR1.ITR1_IncomeDeductions.StandardDeduction	integer	True	type=integer, minimum=0, maximum=99999999999999, REQUIRED	This field refers to Part-B B2 iv - 30% of Annual Value
ITR.ITR1.ITR1_IncomeDeductions.InterestPayable	integer	False	type=integer, minimum=0, maximum=99999999999999	
ITR.ITR1.ITR1_IncomeDeductions.ArrearsUnrealizedRentRcvd	integer	False	type=integer, minimum=0, maximum=99999999999999	
ITR.ITR1.ITR1_IncomeDeductions.TotalIncomeOfHP	integer	True	type=integer, minimum=-200000, REQUIRED	House Property income
ITR.ITR1.ITR1_IncomeDeductions.IncomeOthSrc	integer	True	type=integer, minimum=0, maximum=99999999999999, REQUIRED	
ITR.ITR1.ITR1_IncomeDeductions.OthersInc.OthersIncDtlsOthSrc[].OthSrcNatureDesc	string	True	type=string, pattern=|(\s*([\w\d_=!@#$%\^*\(\){}\[\]\|\\:;',\.\?/~`\-\+<>&"][\s\w\d_=!@#$%\^*\(\){}\[\]\|\\:;',\.\?/~`\-\+<>&"]*)\s*), enum=['SAV', 'IFD', 'TAX', 'FAP', 'DIV', '10(11)(iP)', '10(11)(iiP)', '10(12)(iP)', '10(12)(iiP)', 'NOT89A', 'OTHNOT89A', 'OTH'], REQUIRED	SAV : Interest from Saving Account; IFD : Interest from Deposit(Bank/Post Office/Cooperative Society); TAX : Interest from Income Tax Refund; FAP : Family pension; DIV : Dividend; 10(11)(iP) : Interest accrued on contributions to provident fund to the extent taxable as per first proviso to section 10(11); 10(11)(iiP) : Interest accrued on contributions to provident fund to the extent taxable as per second proviso to section 10(11); 10(12)(iP) : Interest accrued on contributions to provident fund to the extent taxable as per first proviso to section 10(12); 10(12)(iiP) : Interest accrued on contributions to provident fund to the extent taxable as per second proviso to section 10(12); NOT89A : Income from retirement benefit account maintained in a notified country u/s 89A ; OTHNOT89A : Income from retirement benefit account maintained in a country other than a country notified u/s 89A ; OTH : Any Other
ITR.ITR1.ITR1_IncomeDeductions.OthersInc.OthersIncDtlsOthSrc[].NOT89A[].NOT89ACountrycode	string	True	type=string, enum=['US', 'UK', 'CA'], REQUIRED	US - United States; UK - United Kingdom; CA - Canada
ITR.ITR1.ITR1_IncomeDeductions.OthersInc.OthersIncDtlsOthSrc[].NOT89A[].NOT89AAmount	integer	True	type=integer, minimum=0, maximum=99999999999999, REQUIRED	
ITR.ITR1.ITR1_IncomeDeductions.OthersInc.OthersIncDtlsOthSrc[].OthSrcOthNatOfInc	string	False	type=string, maxLength=125, pattern=|(\s*([\w\d_=!@#$%\^*\(\){}\[\]\|\\:;',\.\?/~`\-\+<>&"][\s\w\d_=!@#$%\^*\(\){}\[\]\|\\:;',\.\?/~`\-\+<>&"]*)\s*)	
ITR.ITR1.ITR1_IncomeDeductions.OthersInc.OthersIncDtlsOthSrc[].OthSrcOthAmount	integer	True	type=integer, minimum=0, maximum=99999999999999, REQUIRED	
ITR.ITR1.ITR1_IncomeDeductions.OthersInc.OthersIncDtlsOthSrc[].DividendInc.DateRange.Upto15Of6	integer	True	type=integer, minimum=0, maximum=99999999999999, REQUIRED	
ITR.ITR1.ITR1_IncomeDeductions.OthersInc.OthersIncDtlsOthSrc[].DividendInc.DateRange.Upto15Of9	integer	True	type=integer, minimum=0, maximum=99999999999999, REQUIRED	
ITR.ITR1.ITR1_IncomeDeductions.OthersInc.OthersIncDtlsOthSrc[].DividendInc.DateRange.Up16Of9To15Of12	integer	True	type=integer, minimum=0, maximum=99999999999999, REQUIRED	
ITR.ITR1.ITR1_IncomeDeductions.OthersInc.OthersIncDtlsOthSrc[].DividendInc.DateRange.Up16Of12To15Of3	integer	True	type=integer, minimum=0, maximum=99999999999999, REQUIRED	
ITR.ITR1.ITR1_IncomeDeductions.OthersInc.OthersIncDtlsOthSrc[].DividendInc.DateRange.Up16Of3To31Of3	integer	True	type=integer, minimum=0, maximum=99999999999999, REQUIRED	
ITR.ITR1.ITR1_IncomeDeductions.OthersInc.OthersIncDtlsOthSrc[].NOT89AInc.DateRange.Upto15Of6	integer	True	type=integer, minimum=0, maximum=99999999999999, REQUIRED	
ITR.ITR1.ITR1_IncomeDeductions.OthersInc.OthersIncDtlsOthSrc[].NOT89AInc.DateRange.Upto15Of9	integer	True	type=integer, minimum=0, maximum=99999999999999, REQUIRED	
ITR.ITR1.ITR1_IncomeDeductions.OthersInc.OthersIncDtlsOthSrc[].NOT89AInc.DateRange.Up16Of9To15Of12	integer	True	type=integer, minimum=0, maximum=99999999999999, REQUIRED	
ITR.ITR1.ITR1_IncomeDeductions.OthersInc.OthersIncDtlsOthSrc[].NOT89AInc.DateRange.Up16Of12To15Of3	integer	True	type=integer, minimum=0, maximum=99999999999999, REQUIRED	
ITR.ITR1.ITR1_IncomeDeductions.OthersInc.OthersIncDtlsOthSrc[].NOT89AInc.DateRange.Up16Of3To31Of3	integer	True	type=integer, minimum=0, maximum=99999999999999, REQUIRED	
ITR.ITR1.ITR1_IncomeDeductions.DeductionUs57iia	integer	False	type=integer, minimum=0, maximum=25000	
ITR.ITR1.ITR1_IncomeDeductions.Increliefus89AOS	integer	False	type=integer, minimum=0, maximum=99999999999999	
ITR.ITR1.ITR1_IncomeDeductions.GrossTotIncome	integer	True	type=integer, maximum=99999999999999, REQUIRED	Gross Total Income without LTCG u/s 112A
ITR.ITR1.ITR1_IncomeDeductions.GrossTotIncomeIncLTCG112A	integer	True	type=integer, maximum=99999999999999, REQUIRED	Gross Total Income including LTCG u/s 112A
ITR.ITR1.ITR1_IncomeDeductions.UsrDeductUndChapVIA.Section80C	integer	True	type=integer, minimum=0, maximum=99999999999999, REQUIRED	
ITR.ITR1.ITR1_IncomeDeductions.UsrDeductUndChapVIA.Section80CCC	integer	True	type=integer, minimum=0, maximum=99999999999999, REQUIRED	
ITR.ITR1.ITR1_IncomeDeductions.UsrDeductUndChapVIA.Section80CCDEmployeeOrSE	integer	True	type=integer, minimum=0, maximum=99999999999999, REQUIRED	For Employee/SelfEmployed
ITR.ITR1.ITR1_IncomeDeductions.UsrDeductUndChapVIA.Section80CCD1B	integer	True	type=integer, minimum=0, maximum=99999999999999, REQUIRED	
ITR.ITR1.ITR1_IncomeDeductions.UsrDeductUndChapVIA.Section80CCDEmployer	integer	True	type=integer, minimum=0, maximum=99999999999999, REQUIRED	
ITR.ITR1.ITR1_IncomeDeductions.UsrDeductUndChapVIA.PRANNum	string	False	type=string, minLength=1, maxLength=125	
ITR.ITR1.ITR1_IncomeDeductions.UsrDeductUndChapVIA.Section80D	integer	True	type=integer, minimum=0, maximum=99999999999999, REQUIRED	
ITR.ITR1.ITR1_IncomeDeductions.UsrDeductUndChapVIA.Section80DD	integer	True	type=integer, minimum=0, maximum=99999999999999, REQUIRED	
ITR.ITR1.ITR1_IncomeDeductions.UsrDeductUndChapVIA.Section80DDBUsrType	string	False	type=string, pattern=|(\s*([\w\d_=!@#$%\^*\(\){}\[\]\|\\:;',\.\?/~`\-\+<>&"][\s\w\d_=!@#$%\^*\(\){}\[\]\|\\:;',\.\?/~`\-\+<>&"]*)\s*), enum=['1', '2']	1 : Self or dependent ; 2 : Self or Dependent - Senior Citizen
ITR.ITR1.ITR1_IncomeDeductions.UsrDeductUndChapVIA.NameOfSpecDisease80DDB	string	False	type=string, pattern=|(\s*([\w\d_=!@#$%\^*\(\){}\[\]\|\\:;',\.\?/~`\-\+<>&"][\s\w\d_=!@#$%\^*\(\){}\[\]\|\\:;',\.\?/~`\-\+<>&"]*)\s*), enum=['a', 'b', 'c', 'd', 'e', 'f', 'g', 'h', 'i', 'j', 'k', 'l', 'm', 'n']	a : Dementia; b : Dystonia Musculorum Deformans; c : Motor Neuron Disease; d : Ataxia; e : Chorea; f : Hemiballismus; g : Aphasia; h: Parkinsons Disease; i : Malignant Cancers; j : Full Blown Acquired Immuno-Deficiency Syndrome (AIDS); k:Chronic Renal failure; l:Hematological disorders; m: Hemophilia; n:Thalassaemia
ITR.ITR1.ITR1_IncomeDeductions.UsrDeductUndChapVIA.Section80DDB	integer	True	type=integer, minimum=0, maximum=99999999999999, REQUIRED	
ITR.ITR1.ITR1_IncomeDeductions.UsrDeductUndChapVIA.Section80E	integer	True	type=integer, minimum=0, maximum=99999999999999, REQUIRED	
ITR.ITR1.ITR1_IncomeDeductions.UsrDeductUndChapVIA.Section80EE	integer	True	type=integer, minimum=0, maximum=99999999999999, REQUIRED	
ITR.ITR1.ITR1_IncomeDeductions.UsrDeductUndChapVIA.Section80EEA	integer	False	type=integer, minimum=0, maximum=99999999999999	
ITR.ITR1.ITR1_IncomeDeductions.UsrDeductUndChapVIA.Section80EEB	integer	False	type=integer, minimum=0, maximum=99999999999999	
ITR.ITR1.ITR1_IncomeDeductions.UsrDeductUndChapVIA.Section80G	integer	True	type=integer, minimum=0, maximum=99999999999999, REQUIRED	
ITR.ITR1.ITR1_IncomeDeductions.UsrDeductUndChapVIA.Section80GG	integer	True	type=integer, minimum=0, maximum=99999999999999, REQUIRED	
ITR.ITR1.ITR1_IncomeDeductions.UsrDeductUndChapVIA.Form10BAAckNum	string	False	type=string, maxLength=15	
ITR.ITR1.ITR1_IncomeDeductions.UsrDeductUndChapVIA.Section80GGA	integer	True	type=integer, minimum=0, maximum=99999999999999, REQUIRED	
ITR.ITR1.ITR1_IncomeDeductions.UsrDeductUndChapVIA.Section80GGC	integer	True	type=integer, minimum=0, maximum=99999999999999, REQUIRED	
ITR.ITR1.ITR1_IncomeDeductions.UsrDeductUndChapVIA.Section80U	integer	True	type=integer, minimum=0, maximum=99999999999999, REQUIRED	
ITR.ITR1.ITR1_IncomeDeductions.UsrDeductUndChapVIA.Section80TTA	integer	True	type=integer, minimum=0, maximum=99999999999999, REQUIRED	
ITR.ITR1.ITR1_IncomeDeductions.UsrDeductUndChapVIA.Section80TTB	integer	True	type=integer, minimum=0, maximum=99999999999999, REQUIRED	
ITR.ITR1.ITR1_IncomeDeductions.UsrDeductUndChapVIA.AnyOthSec80CCH	integer	True	type=integer, minimum=0, maximum=99999999999999, REQUIRED	
ITR.ITR1.ITR1_IncomeDeductions.UsrDeductUndChapVIA.TotalChapVIADeductions	integer	True	type=integer, minimum=0, maximum=99999999999999, REQUIRED	
ITR.ITR1.ITR1_IncomeDeductions.DeductUndChapVIA.Section80C	integer	True	type=integer, minimum=0, maximum=150000, REQUIRED	
ITR.ITR1.ITR1_IncomeDeductions.DeductUndChapVIA.Section80CCC	integer	True	type=integer, minimum=0, maximum=150000, REQUIRED	
ITR.ITR1.ITR1_IncomeDeductions.DeductUndChapVIA.Section80CCDEmployeeOrSE	integer	True	type=integer, minimum=0, maximum=150000, REQUIRED	For Employee/SelfEmployed
ITR.ITR1.ITR1_IncomeDeductions.DeductUndChapVIA.Section80CCD1B	integer	True	type=integer, minimum=0, maximum=50000, REQUIRED	
ITR.ITR1.ITR1_IncomeDeductions.DeductUndChapVIA.Section80CCDEmployer	integer	True	type=integer, minimum=0, maximum=99999999999999, REQUIRED	
ITR.ITR1.ITR1_IncomeDeductions.DeductUndChapVIA.Section80D	integer	True	type=integer, minimum=0, maximum=100000, REQUIRED	
ITR.ITR1.ITR1_IncomeDeductions.DeductUndChapVIA.Section80DD	integer	True	type=integer, minimum=0, maximum=125000, REQUIRED	
ITR.ITR1.ITR1_IncomeDeductions.DeductUndChapVIA.Section80DDB	integer	True	type=integer, minimum=0, maximum=100000, REQUIRED	
ITR.ITR1.ITR1_IncomeDeductions.DeductUndChapVIA.Section80E	integer	True	type=integer, minimum=0, maximum=99999999999999, REQUIRED	
ITR.ITR1.ITR1_IncomeDeductions.DeductUndChapVIA.Section80EE	integer	True	type=integer, minimum=0, maximum=50000, REQUIRED	
ITR.ITR1.ITR1_IncomeDeductions.DeductUndChapVIA.Section80EEA	integer	True	type=integer, minimum=0, maximum=150000, REQUIRED	
ITR.ITR1.ITR1_IncomeDeductions.DeductUndChapVIA.Section80EEB	integer	True	type=integer, minimum=0, maximum=150000, REQUIRED	
ITR.ITR1.ITR1_IncomeDeductions.DeductUndChapVIA.Section80G	integer	True	type=integer, minimum=0, maximum=99999999999999, REQUIRED	
ITR.ITR1.ITR1_IncomeDeductions.DeductUndChapVIA.Section80GG	integer	True	type=integer, minimum=0, maximum=60000, REQUIRED	
ITR.ITR1.ITR1_IncomeDeductions.DeductUndChapVIA.Section80GGA	integer	True	type=integer, minimum=0, maximum=99999999999999, REQUIRED	
ITR.ITR1.ITR1_IncomeDeductions.DeductUndChapVIA.Section80GGC	integer	True	type=integer, minimum=0, maximum=99999999999999, REQUIRED	
ITR.ITR1.ITR1_IncomeDeductions.DeductUndChapVIA.Section80U	integer	True	type=integer, minimum=0, maximum=125000, REQUIRED	
ITR.ITR1.ITR1_IncomeDeductions.DeductUndChapVIA.Section80TTA	integer	True	type=integer, minimum=0, maximum=10000, REQUIRED	
ITR.ITR1.ITR1_IncomeDeductions.DeductUndChapVIA.Section80TTB	integer	True	type=integer, minimum=0, maximum=50000, REQUIRED	
ITR.ITR1.ITR1_IncomeDeductions.DeductUndChapVIA.AnyOthSec80CCH	integer	True	type=integer, minimum=0, maximum=288000, REQUIRED	
ITR.ITR1.ITR1_IncomeDeductions.DeductUndChapVIA.TotalChapVIADeductions	integer	True	type=integer, minimum=0, maximum=99999999999999, REQUIRED	
ITR.ITR1.ITR1_IncomeDeductions.TotalIncome	integer	True	type=integer, minimum=0, maximum=5125000, REQUIRED	
ITR.ITR1.ITR1_IncomeDeductions.ExemptIncAgriOthUs10.ExemptIncAgriOthUs10Dtls[].NatureDesc	string	True	type=string, pattern=|(\s*([\w\d_=!@#$%\^*\(\){}\[\]\|\\:;',\.\?/~`\-\+<>&"][\s\w\d_=!@#$%\^*\(\){}\[\]\|\\:;',\.\?/~`\-\+<>&"]*)\s*), enum=['AGRI', '10(10BC)', '10(10D)', '10(11)', '10(12)', '10(12C)', '10(13)', '10(16)', '10(17)', '10(17A)', '10(18)', 'DMDP', '10(19)', '10(26)', '10(26AAA)', 'OTH'…], REQUIRED	AGRI : Agriculture Income (<= Rs.5000); 10(10BC): Sec 10(10BC)-Any amount from the Central/State Govt./local authority by way of compensation on account of any disaster; 10(10D) : Sec 10(10D)- Any sum received under a life insurance policy, including the sum allocated by way of bonus on such policy except sum as mentioned in sub-clause (a) to (d) of Sec.10(10D); 10(11) : Sec 10(11)-Statuory Provident Fund received; 10(12) : Sec 10(12)-Recognised Provident Fund received;10(12C) : Sec 10(12C)-Any payment from the Agniveer Corpus Fund to a person enrolled under the Agnipath Scheme, or to his nominee.; 10(13) : Sec 10(13)-Approved superannuation fund received; 10(16) : Sec 10(16)-Scholarships granted to meet the cost of education; 10(17) : Sec 10(17)-Allowance MP/MLA/MLC; 10(17A) : Sec 10(17A)-Award instituted by Government; 10(18) : Sec 10(18)-Pension received by winner of "Param Vir Chakra" or "Maha Vir Chakra" or "Vir Chakra" or such other gallantry award; DMDP : Defense medical disability pension; 10(19) : Sec 10(19)-Armed Forces Family pension in case of death during operational duty; 10(26) : Sec 10(26)-Any income as referred to in section 10(26); 10(26AAA): Sec 10(26AAA)-Any income as referred to in section 10(26AAA) ; OTH : Any Other
ITR.ITR1.ITR1_IncomeDeductions.ExemptIncAgriOthUs10.ExemptIncAgriOthUs10Dtls[].OthNatOfInc	string	False	type=string, maxLength=125, pattern=|(\s*([\w\d_=!@#$%\^*\(\){}\[\]\|\\:;',\.\?/~`\-\+<>&"][\s\w\d_=!@#$%\^*\(\){}\[\]\|\\:;',\.\?/~`\-\+<>&"]*)\s*)	
ITR.ITR1.ITR1_IncomeDeductions.ExemptIncAgriOthUs10.ExemptIncAgriOthUs10Dtls[].OthAmount	integer	True	type=integer, minimum=0, maximum=99999999999999, REQUIRED	
ITR.ITR1.ITR1_IncomeDeductions.ExemptIncAgriOthUs10.ExemptIncAgriOthUs10Total	integer	True	type=integer, minimum=0, maximum=99999999999999, REQUIRED	
ITR.ITR1.ITR1_TaxComputation.TotalTaxPayable	integer	True	type=integer, minimum=0, maximum=99999999999999, REQUIRED	
ITR.ITR1.ITR1_TaxComputation.Rebate87A	integer	True	type=integer, minimum=0, maximum=25000, REQUIRED	
ITR.ITR1.ITR1_TaxComputation.TaxPayableOnRebate	integer	True	type=integer, minimum=0, maximum=99999999999999, REQUIRED	
ITR.ITR1.ITR1_TaxComputation.EducationCess	integer	True	type=integer, minimum=0, maximum=99999999999999, REQUIRED	
ITR.ITR1.ITR1_TaxComputation.GrossTaxLiability	integer	True	type=integer, minimum=0, maximum=99999999999999, REQUIRED	
ITR.ITR1.ITR1_TaxComputation.Section89	integer	True	type=integer, minimum=0, maximum=99999999999999, REQUIRED	
ITR.ITR1.ITR1_TaxComputation.NetTaxLiability	integer	True	type=integer, minimum=0, maximum=99999999999999, REQUIRED	Balance Tax After Relief
ITR.ITR1.ITR1_TaxComputation.TotalIntrstPay	integer	True	type=integer, minimum=0, maximum=99999999999999, REQUIRED	
ITR.ITR1.ITR1_TaxComputation.IntrstPay.IntrstPayUs234A	integer	True	type=integer, minimum=0, maximum=99999999999999, REQUIRED	
ITR.ITR1.ITR1_TaxComputation.IntrstPay.IntrstPayUs234B	integer	True	type=integer, minimum=0, maximum=99999999999999, REQUIRED	
ITR.ITR1.ITR1_TaxComputation.IntrstPay.IntrstPayUs234C	integer	True	type=integer, minimum=0, maximum=99999999999999, REQUIRED	
ITR.ITR1.ITR1_TaxComputation.IntrstPay.LateFilingFee234F	integer	True	type=integer, minimum=0, maximum=5000, REQUIRED	
ITR.ITR1.ITR1_TaxComputation.TotTaxPlusIntrstPay	integer	True	type=integer, minimum=0, maximum=99999999999999, REQUIRED	
ITR.ITR1.TaxPaid.TaxesPaid.AdvanceTax	integer	True	type=integer, minimum=0, maximum=99999999999999, REQUIRED	
ITR.ITR1.TaxPaid.TaxesPaid.TDS	integer	True	type=integer, minimum=0, maximum=99999999999999, REQUIRED	
ITR.ITR1.TaxPaid.TaxesPaid.TCS	integer	True	type=integer, minimum=0, maximum=99999999999999, REQUIRED	
ITR.ITR1.TaxPaid.TaxesPaid.SelfAssessmentTax	integer	True	type=integer, minimum=0, maximum=99999999999999, REQUIRED	
ITR.ITR1.TaxPaid.TaxesPaid.TotalTaxesPaid	integer	True	type=integer, minimum=0, maximum=99999999999999, REQUIRED	
ITR.ITR1.TaxPaid.BalTaxPayable	integer	True	type=integer, minimum=0, maximum=99999999999999, REQUIRED	
ITR.ITR1.Refund.RefundDue	integer	True	type=integer, minimum=0, maximum=99999999999999, REQUIRED	Refund due if Total Taxes Paid is greater than AggregateTaxInterest
ITR.ITR1.Refund.BankAccountDtls.AddtnlBankDetails[].IFSCCode	string	True	type=string, pattern=[A-Z]{4}[0][A-Z0-9]{6}, REQUIRED	
ITR.ITR1.Refund.BankAccountDtls.AddtnlBankDetails[].BankName	string	True	type=string, minLength=1, maxLength=125, pattern=|(\s*([\w\d_=!@#$%\^*\(\){}\[\]\|\\:;',\.\?/~`\-\+<>&"][\s\w\d_=!@#$%\^*\(\){}\[\]\|\\:;',\.\?/~`\-\+<>&"]*)\s*), REQUIRED	
ITR.ITR1.Refund.BankAccountDtls.AddtnlBankDetails[].BankAccountNo	string	True	type=string, minLength=1, maxLength=20, pattern=[a-zA-Z0-9]([/-]?(((\d*[1-9]\d*)*[a-zA-Z/-])|(\d*[1-9]\d*[a-zA-Z]*))+)*[0-9]*, REQUIRED	
ITR.ITR1.Refund.BankAccountDtls.AddtnlBankDetails[].AccountType	string	True	type=string, enum=['SB', 'CA', 'CC', 'OD', 'NRO', 'OTH'], REQUIRED	SB: Savings Account, CA: Current Account,CC: Cash Credit Account, OD: Over draft account, NRO: Non Resident Account, OTH: Other
ITR.ITR1.Refund.BankAccountDtls.AddtnlBankDetails[].UseForRefund	string	True	type=string, pattern=|(\s*([\w\d_=!@#$%\^*\(\){}\[\]\|\\:;',\.\?/~`\-\+<>&"][\s\w\d_=!@#$%\^*\(\){}\[\]\|\\:;',\.\?/~`\-\+<>&"]*)\s*), enum=['true', 'false'], REQUIRED	
ITR.ITR1.Schedule80G.Don100Percent.DoneeWithPan[].DoneeWithPanName	string	True	type=string, minLength=1, maxLength=125, pattern=|(\s*([\w\d_=!@#$%\^*\(\){}\[\]\|\\:;',\.\?/~`\-\+<>&"][\s\w\d_=!@#$%\^*\(\){}\[\]\|\\:;',\.\?/~`\-\+<>&"]*)\s*), REQUIRED	
ITR.ITR1.Schedule80G.Don100Percent.DoneeWithPan[].DoneePAN	string	True	type=string, pattern=[A-Z]{5}[0-9]{4}[A-Z], REQUIRED	
ITR.ITR1.Schedule80G.Don100Percent.DoneeWithPan[].ArnNbr	string	False	type=string, maxLength=25, pattern=|(\s*([\w\d_=!@#$%\^*\(\){}\[\]\|\\:;',\.\?/~`\-\+<>&"][\s\w\d_=!@#$%\^*\(\){}\[\]\|\\:;',\.\?/~`\-\+<>&"]*)\s*)	Please enter ARN (Donation reference Number)
ITR.ITR1.Schedule80G.Don100Percent.DoneeWithPan[].AddressDetail.AddrDetail	string	True	type=string, minLength=1, maxLength=200, pattern=|(\s*([\w\d_=!@#$%\^*\(\){}\[\]\|\\:;',\.\?/~`\-\+<>&"][\s\w\d_=!@#$%\^*\(\){}\[\]\|\\:;',\.\?/~`\-\+<>&"]*)\s*), REQUIRED	
ITR.ITR1.Schedule80G.Don100Percent.DoneeWithPan[].AddressDetail.CityOrTownOrDistrict	string	True	type=string, minLength=1, maxLength=50, pattern=|(\s*([\w\d_=!@#$%\^*\(\){}\[\]\|\\:;',\.\?/~`\-\+<>&"][\s\w\d_=!@#$%\^*\(\){}\[\]\|\\:;',\.\?/~`\-\+<>&"]*)\s*), REQUIRED	
ITR.ITR1.Schedule80G.Don100Percent.DoneeWithPan[].AddressDetail.StateCode	string	True	type=string, pattern=|(\s*([\w\d_=!@#$%\^*\(\){}\[\]\|\\:;',\.\?/~`\-\+<>&"][\s\w\d_=!@#$%\^*\(\){}\[\]\|\\:;',\.\?/~`\-\+<>&"]*)\s*), enum=['01', '02', '03', '04', '05', '06', '07', '08', '09', '10', '11', '12', '13', '14', '15', '16', '17', '18', '19', '20', '21', '22', '23', '24', '25', '26', '27…], REQUIRED	01-Andaman and Nicobar islands; 02-Andhra Pradesh; 03-Arunachal Pradesh; 04-Assam; 05-Bihar; 06-Chandigarh; 07-Dadra Nagar and Haveli; 08-Daman and Diu; 09- Delhi; 10- Goa; 11-Gujarat; 12- Haryana; 13- Himachal Pradesh; 14-Jammu and Kashmir; 15- Karnataka; 16- Kerala; 17- Lakshadweep; 18-Madhya Pradesh; 19-Maharashtra; 20-Manipur; 21-meghalaya; 22-Mizoram; 23-Nagaland; 24- Odisha; 25- Puducherry; 26- Punjab; 27-Rajasthan; 28- Sikkim; 29-Tamil Nadu; 30- Tripura; 31-Uttar Pradesh; 32- West Bengal; 33- Chhattisgarh; 34- Uttarakhand; 35- Jharkhand; 36- Telangana; 37- Ladakh
ITR.ITR1.Schedule80G.Don100Percent.DoneeWithPan[].AddressDetail.PinCode	integer	True	type=integer, minimum=100000, maximum=999999, pattern=[1-9]{1}[0-9]{5}, REQUIRED	
ITR.ITR1.Schedule80G.Don100Percent.DoneeWithPan[].DonationAmtCash	integer	True	type=integer, minimum=0, maximum=99999999999999, REQUIRED	
ITR.ITR1.Schedule80G.Don100Percent.DoneeWithPan[].DonationAmtOtherMode	integer	True	type=integer, minimum=0, maximum=99999999999999, REQUIRED	
ITR.ITR1.Schedule80G.Don100Percent.DoneeWithPan[].DonationAmt	integer	True	type=integer, minimum=0, maximum=99999999999999, REQUIRED	
ITR.ITR1.Schedule80G.Don100Percent.DoneeWithPan[].EligibleDonationAmt	integer	True	type=integer, minimum=0, maximum=99999999999999, REQUIRED	
ITR.ITR1.Schedule80G.Don100Percent.TotDon100PercentCash	integer	True	type=integer, minimum=0, maximum=99999999999999, REQUIRED	
ITR.ITR1.Schedule80G.Don100Percent.TotDon100PercentOtherMode	integer	True	type=integer, minimum=0, maximum=99999999999999, REQUIRED	
ITR.ITR1.Schedule80G.Don100Percent.TotDon100Percent	integer	True	type=integer, minimum=0, maximum=99999999999999, REQUIRED	
ITR.ITR1.Schedule80G.Don100Percent.TotEligibleDon100Percent	integer	True	type=integer, minimum=0, maximum=99999999999999, REQUIRED	
ITR.ITR1.Schedule80G.Don50PercentNoApprReqd.DoneeWithPan[].DoneeWithPanName	string	True	type=string, minLength=1, maxLength=125, pattern=|(\s*([\w\d_=!@#$%\^*\(\){}\[\]\|\\:;',\.\?/~`\-\+<>&"][\s\w\d_=!@#$%\^*\(\){}\[\]\|\\:;',\.\?/~`\-\+<>&"]*)\s*), REQUIRED	
ITR.ITR1.Schedule80G.Don50PercentNoApprReqd.DoneeWithPan[].DoneePAN	string	True	type=string, pattern=[A-Z]{5}[0-9]{4}[A-Z], REQUIRED	
ITR.ITR1.Schedule80G.Don50PercentNoApprReqd.DoneeWithPan[].ArnNbr	string	False	type=string, maxLength=25, pattern=|(\s*([\w\d_=!@#$%\^*\(\){}\[\]\|\\:;',\.\?/~`\-\+<>&"][\s\w\d_=!@#$%\^*\(\){}\[\]\|\\:;',\.\?/~`\-\+<>&"]*)\s*)	Please enter ARN (Donation reference Number)
ITR.ITR1.Schedule80G.Don50PercentNoApprReqd.DoneeWithPan[].AddressDetail.AddrDetail	string	True	type=string, minLength=1, maxLength=200, pattern=|(\s*([\w\d_=!@#$%\^*\(\){}\[\]\|\\:;',\.\?/~`\-\+<>&"][\s\w\d_=!@#$%\^*\(\){}\[\]\|\\:;',\.\?/~`\-\+<>&"]*)\s*), REQUIRED	
ITR.ITR1.Schedule80G.Don50PercentNoApprReqd.DoneeWithPan[].AddressDetail.CityOrTownOrDistrict	string	True	type=string, minLength=1, maxLength=50, pattern=|(\s*([\w\d_=!@#$%\^*\(\){}\[\]\|\\:;',\.\?/~`\-\+<>&"][\s\w\d_=!@#$%\^*\(\){}\[\]\|\\:;',\.\?/~`\-\+<>&"]*)\s*), REQUIRED	
ITR.ITR1.Schedule80G.Don50PercentNoApprReqd.DoneeWithPan[].AddressDetail.StateCode	string	True	type=string, pattern=|(\s*([\w\d_=!@#$%\^*\(\){}\[\]\|\\:;',\.\?/~`\-\+<>&"][\s\w\d_=!@#$%\^*\(\){}\[\]\|\\:;',\.\?/~`\-\+<>&"]*)\s*), enum=['01', '02', '03', '04', '05', '06', '07', '08', '09', '10', '11', '12', '13', '14', '15', '16', '17', '18', '19', '20', '21', '22', '23', '24', '25', '26', '27…], REQUIRED	01-Andaman and Nicobar islands; 02-Andhra Pradesh; 03-Arunachal Pradesh; 04-Assam; 05-Bihar; 06-Chandigarh; 07-Dadra Nagar and Haveli; 08-Daman and Diu; 09- Delhi; 10- Goa; 11-Gujarat; 12- Haryana; 13- Himachal Pradesh; 14-Jammu and Kashmir; 15- Karnataka; 16- Kerala; 17- Lakshadweep; 18-Madhya Pradesh; 19-Maharashtra; 20-Manipur; 21-meghalaya; 22-Mizoram; 23-Nagaland; 24- Odisha; 25- Puducherry; 26- Punjab; 27-Rajasthan; 28- Sikkim; 29-Tamil Nadu; 30- Tripura; 31-Uttar Pradesh; 32- West Bengal; 33- Chhattisgarh; 34- Uttarakhand; 35- Jharkhand; 36- Telangana; 37- Ladakh
ITR.ITR1.Schedule80G.Don50PercentNoApprReqd.DoneeWithPan[].AddressDetail.PinCode	integer	True	type=integer, minimum=100000, maximum=999999, pattern=[1-9]{1}[0-9]{5}, REQUIRED	
ITR.ITR1.Schedule80G.Don50PercentNoApprReqd.DoneeWithPan[].DonationAmtCash	integer	True	type=integer, minimum=0, maximum=99999999999999, REQUIRED	
ITR.ITR1.Schedule80G.Don50PercentNoApprReqd.DoneeWithPan[].DonationAmtOtherMode	integer	True	type=integer, minimum=0, maximum=99999999999999, REQUIRED	
ITR.ITR1.Schedule80G.Don50PercentNoApprReqd.DoneeWithPan[].DonationAmt	integer	True	type=integer, minimum=0, maximum=99999999999999, REQUIRED	
ITR.ITR1.Schedule80G.Don50PercentNoApprReqd.DoneeWithPan[].EligibleDonationAmt	integer	True	type=integer, minimum=0, maximum=99999999999999, REQUIRED	
ITR.ITR1.Schedule80G.Don50PercentNoApprReqd.TotDon50PercentNoApprReqdCash	integer	True	type=integer, minimum=0, maximum=99999999999999, REQUIRED	
ITR.ITR1.Schedule80G.Don50PercentNoApprReqd.TotDon50PercentNoApprReqdOtherMode	integer	True	type=integer, minimum=0, maximum=99999999999999, REQUIRED	
ITR.ITR1.Schedule80G.Don50PercentNoApprReqd.TotDon50PercentNoApprReqd	integer	True	type=integer, minimum=0, maximum=99999999999999, REQUIRED	
ITR.ITR1.Schedule80G.Don50PercentNoApprReqd.TotEligibleDon50Percent	integer	True	type=integer, minimum=0, maximum=99999999999999, REQUIRED	
ITR.ITR1.Schedule80G.Don100PercentApprReqd.DoneeWithPan[].DoneeWithPanName	string	True	type=string, minLength=1, maxLength=125, pattern=|(\s*([\w\d_=!@#$%\^*\(\){}\[\]\|\\:;',\.\?/~`\-\+<>&"][\s\w\d_=!@#$%\^*\(\){}\[\]\|\\:;',\.\?/~`\-\+<>&"]*)\s*), REQUIRED	
ITR.ITR1.Schedule80G.Don100PercentApprReqd.DoneeWithPan[].DoneePAN	string	True	type=string, pattern=[A-Z]{5}[0-9]{4}[A-Z], REQUIRED	
ITR.ITR1.Schedule80G.Don100PercentApprReqd.DoneeWithPan[].ArnNbr	string	False	type=string, maxLength=25, pattern=|(\s*([\w\d_=!@#$%\^*\(\){}\[\]\|\\:;',\.\?/~`\-\+<>&"][\s\w\d_=!@#$%\^*\(\){}\[\]\|\\:;',\.\?/~`\-\+<>&"]*)\s*)	Please enter ARN (Donation reference Number)
ITR.ITR1.Schedule80G.Don100PercentApprReqd.DoneeWithPan[].AddressDetail.AddrDetail	string	True	type=string, minLength=1, maxLength=200, pattern=|(\s*([\w\d_=!@#$%\^*\(\){}\[\]\|\\:;',\.\?/~`\-\+<>&"][\s\w\d_=!@#$%\^*\(\){}\[\]\|\\:;',\.\?/~`\-\+<>&"]*)\s*), REQUIRED	
ITR.ITR1.Schedule80G.Don100PercentApprReqd.DoneeWithPan[].AddressDetail.CityOrTownOrDistrict	string	True	type=string, minLength=1, maxLength=50, pattern=|(\s*([\w\d_=!@#$%\^*\(\){}\[\]\|\\:;',\.\?/~`\-\+<>&"][\s\w\d_=!@#$%\^*\(\){}\[\]\|\\:;',\.\?/~`\-\+<>&"]*)\s*), REQUIRED	
ITR.ITR1.Schedule80G.Don100PercentApprReqd.DoneeWithPan[].AddressDetail.StateCode	string	True	type=string, pattern=|(\s*([\w\d_=!@#$%\^*\(\){}\[\]\|\\:;',\.\?/~`\-\+<>&"][\s\w\d_=!@#$%\^*\(\){}\[\]\|\\:;',\.\?/~`\-\+<>&"]*)\s*), enum=['01', '02', '03', '04', '05', '06', '07', '08', '09', '10', '11', '12', '13', '14', '15', '16', '17', '18', '19', '20', '21', '22', '23', '24', '25', '26', '27…], REQUIRED	01-Andaman and Nicobar islands; 02-Andhra Pradesh; 03-Arunachal Pradesh; 04-Assam; 05-Bihar; 06-Chandigarh; 07-Dadra Nagar and Haveli; 08-Daman and Diu; 09- Delhi; 10- Goa; 11-Gujarat; 12- Haryana; 13- Himachal Pradesh; 14-Jammu and Kashmir; 15- Karnataka; 16- Kerala; 17- Lakshadweep; 18-Madhya Pradesh; 19-Maharashtra; 20-Manipur; 21-meghalaya; 22-Mizoram; 23-Nagaland; 24- Odisha; 25- Puducherry; 26- Punjab; 27-Rajasthan; 28- Sikkim; 29-Tamil Nadu; 30- Tripura; 31-Uttar Pradesh; 32- West Bengal; 33- Chhattisgarh; 34- Uttarakhand; 35- Jharkhand; 36- Telangana; 37- Ladakh
ITR.ITR1.Schedule80G.Don100PercentApprReqd.DoneeWithPan[].AddressDetail.PinCode	integer	True	type=integer, minimum=100000, maximum=999999, pattern=[1-9]{1}[0-9]{5}, REQUIRED	
ITR.ITR1.Schedule80G.Don100PercentApprReqd.DoneeWithPan[].DonationAmtCash	integer	True	type=integer, minimum=0, maximum=99999999999999, REQUIRED	
ITR.ITR1.Schedule80G.Don100PercentApprReqd.DoneeWithPan[].DonationAmtOtherMode	integer	True	type=integer, minimum=0, maximum=99999999999999, REQUIRED	
ITR.ITR1.Schedule80G.Don100PercentApprReqd.DoneeWithPan[].DonationAmt	integer	True	type=integer, minimum=0, maximum=99999999999999, REQUIRED	
ITR.ITR1.Schedule80G.Don100PercentApprReqd.DoneeWithPan[].EligibleDonationAmt	integer	True	type=integer, minimum=0, maximum=99999999999999, REQUIRED	
ITR.ITR1.Schedule80G.Don100PercentApprReqd.TotDon100PercentApprReqdCash	integer	True	type=integer, minimum=0, maximum=99999999999999, REQUIRED	
ITR.ITR1.Schedule80G.Don100PercentApprReqd.TotDon100PercentApprReqdOtherMode	integer	True	type=integer, minimum=0, maximum=99999999999999, REQUIRED	
ITR.ITR1.Schedule80G.Don100PercentApprReqd.TotDon100PercentApprReqd	integer	True	type=integer, minimum=0, maximum=99999999999999, REQUIRED	
ITR.ITR1.Schedule80G.Don100PercentApprReqd.TotEligibleDon100PercentApprReqd	integer	True	type=integer, minimum=0, maximum=99999999999999, REQUIRED	
ITR.ITR1.Schedule80G.Don50PercentApprReqd.DoneeWithPan[].DoneeWithPanName	string	True	type=string, minLength=1, maxLength=125, pattern=|(\s*([\w\d_=!@#$%\^*\(\){}\[\]\|\\:;',\.\?/~`\-\+<>&"][\s\w\d_=!@#$%\^*\(\){}\[\]\|\\:;',\.\?/~`\-\+<>&"]*)\s*), REQUIRED	
ITR.ITR1.Schedule80G.Don50PercentApprReqd.DoneeWithPan[].DoneePAN	string	True	type=string, pattern=[A-Z]{5}[0-9]{4}[A-Z], REQUIRED	
ITR.ITR1.Schedule80G.Don50PercentApprReqd.DoneeWithPan[].ArnNbr	string	False	type=string, maxLength=25, pattern=|(\s*([\w\d_=!@#$%\^*\(\){}\[\]\|\\:;',\.\?/~`\-\+<>&"][\s\w\d_=!@#$%\^*\(\){}\[\]\|\\:;',\.\?/~`\-\+<>&"]*)\s*)	Please enter ARN (Donation reference Number)
ITR.ITR1.Schedule80G.Don50PercentApprReqd.DoneeWithPan[].AddressDetail.AddrDetail	string	True	type=string, minLength=1, maxLength=200, pattern=|(\s*([\w\d_=!@#$%\^*\(\){}\[\]\|\\:;',\.\?/~`\-\+<>&"][\s\w\d_=!@#$%\^*\(\){}\[\]\|\\:;',\.\?/~`\-\+<>&"]*)\s*), REQUIRED	
ITR.ITR1.Schedule80G.Don50PercentApprReqd.DoneeWithPan[].AddressDetail.CityOrTownOrDistrict	string	True	type=string, minLength=1, maxLength=50, pattern=|(\s*([\w\d_=!@#$%\^*\(\){}\[\]\|\\:;',\.\?/~`\-\+<>&"][\s\w\d_=!@#$%\^*\(\){}\[\]\|\\:;',\.\?/~`\-\+<>&"]*)\s*), REQUIRED	
ITR.ITR1.Schedule80G.Don50PercentApprReqd.DoneeWithPan[].AddressDetail.StateCode	string	True	type=string, pattern=|(\s*([\w\d_=!@#$%\^*\(\){}\[\]\|\\:;',\.\?/~`\-\+<>&"][\s\w\d_=!@#$%\^*\(\){}\[\]\|\\:;',\.\?/~`\-\+<>&"]*)\s*), enum=['01', '02', '03', '04', '05', '06', '07', '08', '09', '10', '11', '12', '13', '14', '15', '16', '17', '18', '19', '20', '21', '22', '23', '24', '25', '26', '27…], REQUIRED	01-Andaman and Nicobar islands; 02-Andhra Pradesh; 03-Arunachal Pradesh; 04-Assam; 05-Bihar; 06-Chandigarh; 07-Dadra Nagar and Haveli; 08-Daman and Diu; 09- Delhi; 10- Goa; 11-Gujarat; 12- Haryana; 13- Himachal Pradesh; 14-Jammu and Kashmir; 15- Karnataka; 16- Kerala; 17- Lakshadweep; 18-Madhya Pradesh; 19-Maharashtra; 20-Manipur; 21-meghalaya; 22-Mizoram; 23-Nagaland; 24- Odisha; 25- Puducherry; 26- Punjab; 27-Rajasthan; 28- Sikkim; 29-Tamil Nadu; 30- Tripura; 31-Uttar Pradesh; 32- West Bengal; 33- Chhattisgarh; 34- Uttarakhand; 35- Jharkhand; 36- Telangana; 37- Ladakh
ITR.ITR1.Schedule80G.Don50PercentApprReqd.DoneeWithPan[].AddressDetail.PinCode	integer	True	type=integer, minimum=100000, maximum=999999, pattern=[1-9]{1}[0-9]{5}, REQUIRED	
ITR.ITR1.Schedule80G.Don50PercentApprReqd.DoneeWithPan[].DonationAmtCash	integer	True	type=integer, minimum=0, maximum=99999999999999, REQUIRED	
ITR.ITR1.Schedule80G.Don50PercentApprReqd.DoneeWithPan[].DonationAmtOtherMode	integer	True	type=integer, minimum=0, maximum=99999999999999, REQUIRED	
ITR.ITR1.Schedule80G.Don50PercentApprReqd.DoneeWithPan[].DonationAmt	integer	True	type=integer, minimum=0, maximum=99999999999999, REQUIRED	
ITR.ITR1.Schedule80G.Don50PercentApprReqd.DoneeWithPan[].EligibleDonationAmt	integer	True	type=integer, minimum=0, maximum=99999999999999, REQUIRED	
ITR.ITR1.Schedule80G.Don50PercentApprReqd.TotDon50PercentApprReqdCash	integer	True	type=integer, minimum=0, maximum=99999999999999, REQUIRED	
ITR.ITR1.Schedule80G.Don50PercentApprReqd.TotDon50PercentApprReqdOtherMode	integer	True	type=integer, minimum=0, maximum=99999999999999, REQUIRED	
ITR.ITR1.Schedule80G.Don50PercentApprReqd.TotDon50PercentApprReqd	integer	True	type=integer, minimum=0, maximum=99999999999999, REQUIRED	
ITR.ITR1.Schedule80G.Don50PercentApprReqd.TotEligibleDon50PercentApprReqd	integer	True	type=integer, minimum=0, maximum=99999999999999, REQUIRED	
ITR.ITR1.Schedule80G.TotalDonationsUs80GCash	integer	True	type=integer, minimum=0, maximum=99999999999999, REQUIRED	
ITR.ITR1.Schedule80G.TotalDonationsUs80GOtherMode	integer	True	type=integer, minimum=0, maximum=99999999999999, REQUIRED	
ITR.ITR1.Schedule80G.TotalDonationsUs80G	integer	True	type=integer, minimum=0, maximum=99999999999999, REQUIRED	
ITR.ITR1.Schedule80G.TotalEligibleDonationsUs80G	integer	True	type=integer, minimum=0, maximum=99999999999999, REQUIRED	
ITR.ITR1.Schedule80GGA.DonationDtlsSciRsrchRuralDev[].RelevantClauseUndrDedClaimed	string	True	type=string, enum=['80GGA2a', '80GGA2aa', '80GGA2b', '80GGA2bb', '80GGA2c', '80GGA2cc', '80GGA2d', '80GGA2e'], REQUIRED	80GGA(2)(a) - Sum paid to Research Association or University, college or other institution for Scientific Research; 80GGA(2)(aa) - Sum paid to Research Association or University, college or other institution for Social science or Statistical Research; 80GGA(2)(b) - Sum paid to an association or institution for Rural Development; 80GGA(2)(bb) - Sum paid to PSU or Local Authority or an association or institution approved by the National Committee for carrying out any eligible project; 80GGA(2)(c) - Sum paid to an association or institution for Conservation of Natural Resources or for afforestation; 80GGA(2)(cc) - Sum paid for Afforestation, to the funds, which are notified by Central Govt.; 80GGA(2)(d) - Sum paid for Rural Development to the funds, which are notified by Central Govt.; 80GGA(2)(e) - Sum paid to National Urban Poverty Eradication Fund as setup and notified by Central Govt.
ITR.ITR1.Schedule80GGA.DonationDtlsSciRsrchRuralDev[].NameOfDonee	string	True	type=string, minLength=1, maxLength=125, pattern=|(\s*([\w\d_=!@#$%\^*\(\){}\[\]\|\\:;',\.\?/~`\-\+<>&"][\s\w\d_=!@#$%\^*\(\){}\[\]\|\\:;',\.\?/~`\-\+<>&"]*)\s*), REQUIRED	
ITR.ITR1.Schedule80GGA.DonationDtlsSciRsrchRuralDev[].AddressDetail.AddrDetail	string	True	type=string, minLength=1, maxLength=200, pattern=|(\s*([\w\d_=!@#$%\^*\(\){}\[\]\|\\:;',\.\?/~`\-\+<>&"][\s\w\d_=!@#$%\^*\(\){}\[\]\|\\:;',\.\?/~`\-\+<>&"]*)\s*), REQUIRED	
ITR.ITR1.Schedule80GGA.DonationDtlsSciRsrchRuralDev[].AddressDetail.CityOrTownOrDistrict	string	True	type=string, minLength=1, maxLength=50, pattern=|(\s*([\w\d_=!@#$%\^*\(\){}\[\]\|\\:;',\.\?/~`\-\+<>&"][\s\w\d_=!@#$%\^*\(\){}\[\]\|\\:;',\.\?/~`\-\+<>&"]*)\s*), REQUIRED	
ITR.ITR1.Schedule80GGA.DonationDtlsSciRsrchRuralDev[].AddressDetail.StateCode	string	True	type=string, pattern=|(\s*([\w\d_=!@#$%\^*\(\){}\[\]\|\\:;',\.\?/~`\-\+<>&"][\s\w\d_=!@#$%\^*\(\){}\[\]\|\\:;',\.\?/~`\-\+<>&"]*)\s*), enum=['01', '02', '03', '04', '05', '06', '07', '08', '09', '10', '11', '12', '13', '14', '15', '16', '17', '18', '19', '20', '21', '22', '23', '24', '25', '26', '27…], REQUIRED	01-Andaman and Nicobar islands; 02-Andhra Pradesh; 03-Arunachal Pradesh; 04-Assam; 05-Bihar; 06-Chandigarh; 07-Dadra Nagar and Haveli; 08-Daman and Diu; 09- Delhi; 10- Goa; 11-Gujarat; 12- Haryana; 13- Himachal Pradesh; 14-Jammu and Kashmir; 15- Karnataka; 16- Kerala; 17- Lakshadweep; 18-Madhya Pradesh; 19-Maharashtra; 20-Manipur; 21-meghalaya; 22-Mizoram; 23-Nagaland; 24- Odisha; 25- Puducherry; 26- Punjab; 27-Rajasthan; 28- Sikkim; 29-Tamil Nadu; 30- Tripura; 31-Uttar Pradesh; 32- West Bengal; 33- Chhattisgarh; 34- Uttarakhand; 35- Jharkhand; 36- Telangana; 37- Ladakh
ITR.ITR1.Schedule80GGA.DonationDtlsSciRsrchRuralDev[].AddressDetail.PinCode	integer	True	type=integer, minimum=100000, maximum=999999, pattern=[1-9]{1}[0-9]{5}, REQUIRED	
ITR.ITR1.Schedule80GGA.DonationDtlsSciRsrchRuralDev[].DoneePAN	string	True	type=string, pattern=[A-Z]{5}[0-9]{4}[A-Z], REQUIRED	
ITR.ITR1.Schedule80GGA.DonationDtlsSciRsrchRuralDev[].DonationAmtCash	integer	True	type=integer, minimum=0, maximum=99999999999999, REQUIRED	
ITR.ITR1.Schedule80GGA.DonationDtlsSciRsrchRuralDev[].DonationAmtOtherMode	integer	True	type=integer, minimum=0, maximum=99999999999999, REQUIRED	
ITR.ITR1.Schedule80GGA.DonationDtlsSciRsrchRuralDev[].DonationAmt	integer	True	type=integer, minimum=0, maximum=99999999999999, REQUIRED	
ITR.ITR1.Schedule80GGA.DonationDtlsSciRsrchRuralDev[].EligibleDonationAmt	integer	True	type=integer, minimum=0, maximum=99999999999999, REQUIRED	
ITR.ITR1.Schedule80GGA.TotalDonationAmtCash80GGA	integer	True	type=integer, minimum=0, maximum=99999999999999, REQUIRED	
ITR.ITR1.Schedule80GGA.TotalDonationAmtOtherMode80GGA	integer	True	type=integer, minimum=0, maximum=99999999999999, REQUIRED	
ITR.ITR1.Schedule80GGA.TotalDonationsUs80GGA	integer	True	type=integer, minimum=0, maximum=99999999999999, REQUIRED	
ITR.ITR1.Schedule80GGA.TotalEligibleDonationAmt80GGA	integer	True	type=integer, minimum=0, maximum=99999999999999, REQUIRED	
ITR.ITR1.Schedule80GGC.Schedule80GGCDetails[].DonationDate	string	True	type=string, pattern=([12]\d{3}-(0[1-9]|1[0-2])-(0[1-9]|[12]\d|3[01])), REQUIRED	Date of Donation in YYYY-MM-DD format
ITR.ITR1.Schedule80GGC.Schedule80GGCDetails[].DonationAmtCash	integer	True	type=integer, minimum=0, maximum=99999999999999, REQUIRED	
ITR.ITR1.Schedule80GGC.Schedule80GGCDetails[].DonationAmtOtherMode	integer	True	type=integer, minimum=0, maximum=99999999999999, REQUIRED	
ITR.ITR1.Schedule80GGC.Schedule80GGCDetails[].TransactionRefNum	string	False	type=string, maxLength=50	
ITR.ITR1.Schedule80GGC.Schedule80GGCDetails[].IFSCCode	string	False	type=string, maxLength=11, pattern=[A-Z]{4}[0][A-Z0-9]{6}	
ITR.ITR1.Schedule80GGC.Schedule80GGCDetails[].DonationAmt	integer	True	type=integer, minimum=0, maximum=99999999999999, REQUIRED	
ITR.ITR1.Schedule80GGC.Schedule80GGCDetails[].EligibleDonationAmt	integer	True	type=integer, minimum=0, maximum=99999999999999, REQUIRED	
ITR.ITR1.Schedule80GGC.TotalDonationAmtCash80GGC	integer	True	type=integer, minimum=0, maximum=99999999999999, REQUIRED	
ITR.ITR1.Schedule80GGC.TotalDonationAmtOtherMode80GGC	integer	True	type=integer, minimum=0, maximum=99999999999999, REQUIRED	
ITR.ITR1.Schedule80GGC.TotalDonationsUs80GGC	integer	True	type=integer, minimum=0, maximum=99999999999999, REQUIRED	
ITR.ITR1.Schedule80GGC.TotalEligibleDonationAmt80GGC	integer	True	type=integer, minimum=0, maximum=99999999999999, REQUIRED	
ITR.ITR1.Schedule80D.Sec80DSelfFamSrCtznHealth.SeniorCitizenFlag	string	True	type=string, pattern=Y|N|S, REQUIRED	Y - Yes; N - No; S - Not claiming for Self/ Family
ITR.ITR1.Schedule80D.Sec80DSelfFamSrCtznHealth.SelfAndFamily	integer	False	type=integer, minimum=0, maximum=25000	
ITR.ITR1.Schedule80D.Sec80DSelfFamSrCtznHealth.HealthInsPremSlfFam	integer	False	type=integer, minimum=0, maximum=99999999999999	
ITR.ITR1.Schedule80D.Sec80DSelfFamSrCtznHealth.Sec80DSelfFamHIDtls.Sch80DInsDtls[].InsurerName	string	True	type=string, maxLength=125, REQUIRED	
ITR.ITR1.Schedule80D.Sec80DSelfFamSrCtznHealth.Sec80DSelfFamHIDtls.Sch80DInsDtls[].PolicyNo	string	True	type=string, maxLength=75, REQUIRED	
ITR.ITR1.Schedule80D.Sec80DSelfFamSrCtznHealth.Sec80DSelfFamHIDtls.Sch80DInsDtls[].HealthInsAmt	integer	True	type=integer, minimum=0, maximum=99999999999999, REQUIRED	
ITR.ITR1.Schedule80D.Sec80DSelfFamSrCtznHealth.Sec80DSelfFamHIDtls.TotalPayments	integer	True	type=integer, minimum=0, maximum=99999999999999, REQUIRED	
ITR.ITR1.Schedule80D.Sec80DSelfFamSrCtznHealth.PrevHlthChckUpSlfFam	integer	False	type=integer, minimum=0, maximum=5000	
ITR.ITR1.Schedule80D.Sec80DSelfFamSrCtznHealth.SelfAndFamilySeniorCitizen	integer	False	type=integer, minimum=0, maximum=50000	
ITR.ITR1.Schedule80D.Sec80DSelfFamSrCtznHealth.HlthInsPremSlfFamSrCtzn	integer	False	type=integer, minimum=0, maximum=99999999999999	
ITR.ITR1.Schedule80D.Sec80DSelfFamSrCtznHealth.Sec80DSelfFamSrCtznHIDtls.Sch80DInsDtls[].InsurerName	string	True	type=string, maxLength=125, REQUIRED	
ITR.ITR1.Schedule80D.Sec80DSelfFamSrCtznHealth.Sec80DSelfFamSrCtznHIDtls.Sch80DInsDtls[].PolicyNo	string	True	type=string, maxLength=75, REQUIRED	
ITR.ITR1.Schedule80D.Sec80DSelfFamSrCtznHealth.Sec80DSelfFamSrCtznHIDtls.Sch80DInsDtls[].HealthInsAmt	integer	True	type=integer, minimum=0, maximum=99999999999999, REQUIRED	
ITR.ITR1.Schedule80D.Sec80DSelfFamSrCtznHealth.Sec80DSelfFamSrCtznHIDtls.TotalPayments	integer	True	type=integer, minimum=0, maximum=99999999999999, REQUIRED	
ITR.ITR1.Schedule80D.Sec80DSelfFamSrCtznHealth.PrevHlthChckUpSlfFamSrCtzn	integer	False	type=integer, minimum=0, maximum=5000	
ITR.ITR1.Schedule80D.Sec80DSelfFamSrCtznHealth.MedicalExpSlfFamSrCtzn	integer	False	type=integer, minimum=0, maximum=99999999999999	
ITR.ITR1.Schedule80D.Sec80DSelfFamSrCtznHealth.ParentsSeniorCitizenFlag	string	True	type=string, pattern=Y|N|P, REQUIRED	Y - Yes; N - No; P - Not claiming for Parents
ITR.ITR1.Schedule80D.Sec80DSelfFamSrCtznHealth.Parents	integer	False	type=integer, minimum=0, maximum=25000	
ITR.ITR1.Schedule80D.Sec80DSelfFamSrCtznHealth.HlthInsPremParents	integer	False	type=integer, minimum=0, maximum=99999999999999	
ITR.ITR1.Schedule80D.Sec80DSelfFamSrCtznHealth.Sec80DParentsHIDtls.Sch80DInsDtls[].InsurerName	string	True	type=string, maxLength=125, REQUIRED	
ITR.ITR1.Schedule80D.Sec80DSelfFamSrCtznHealth.Sec80DParentsHIDtls.Sch80DInsDtls[].PolicyNo	string	True	type=string, maxLength=75, REQUIRED	
ITR.ITR1.Schedule80D.Sec80DSelfFamSrCtznHealth.Sec80DParentsHIDtls.Sch80DInsDtls[].HealthInsAmt	integer	True	type=integer, minimum=0, maximum=99999999999999, REQUIRED	
ITR.ITR1.Schedule80D.Sec80DSelfFamSrCtznHealth.Sec80DParentsHIDtls.TotalPayments	integer	True	type=integer, minimum=0, maximum=99999999999999, REQUIRED	
ITR.ITR1.Schedule80D.Sec80DSelfFamSrCtznHealth.PrevHlthChckUpParents	integer	False	type=integer, minimum=0, maximum=5000	
ITR.ITR1.Schedule80D.Sec80DSelfFamSrCtznHealth.ParentsSeniorCitizen	integer	False	type=integer, minimum=0, maximum=50000	
ITR.ITR1.Schedule80D.Sec80DSelfFamSrCtznHealth.HlthInsPremParentsSrCtzn	integer	False	type=integer, minimum=0, maximum=99999999999999	
ITR.ITR1.Schedule80D.Sec80DSelfFamSrCtznHealth.Sec80DParentsSrCtznHIDtls.Sch80DInsDtls[].InsurerName	string	True	type=string, maxLength=125, REQUIRED	
ITR.ITR1.Schedule80D.Sec80DSelfFamSrCtznHealth.Sec80DParentsSrCtznHIDtls.Sch80DInsDtls[].PolicyNo	string	True	type=string, maxLength=75, REQUIRED	
ITR.ITR1.Schedule80D.Sec80DSelfFamSrCtznHealth.Sec80DParentsSrCtznHIDtls.Sch80DInsDtls[].HealthInsAmt	integer	True	type=integer, minimum=0, maximum=99999999999999, REQUIRED	
ITR.ITR1.Schedule80D.Sec80DSelfFamSrCtznHealth.Sec80DParentsSrCtznHIDtls.TotalPayments	integer	True	type=integer, minimum=0, maximum=99999999999999, REQUIRED	
ITR.ITR1.Schedule80D.Sec80DSelfFamSrCtznHealth.PrevHlthChckUpParentsSrCtzn	integer	False	type=integer, minimum=0, maximum=5000	
ITR.ITR1.Schedule80D.Sec80DSelfFamSrCtznHealth.MedicalExpParentsSrCtzn	integer	False	type=integer, minimum=0, maximum=99999999999999	
ITR.ITR1.Schedule80D.Sec80DSelfFamSrCtznHealth.EligibleAmountOfDedn	integer	True	type=integer, minimum=0, maximum=100000, REQUIRED	
ITR.ITR1.Schedule80DD.NatureOfDisability	string	True	type=string, pattern=|(\s*([\w\d_=!@#$%\^*\(\){}\[\]\|\\:;',\.\?/~`\-\+<>&"][\s\w\d_=!@#$%\^*\(\){}\[\]\|\\:;',\.\?/~`\-\+<>&"]*)\s*), enum=['1', '2'], REQUIRED	1 : Dependent person with disability ; 2 : Dependent person with severe disability
ITR.ITR1.Schedule80DD.TypeOfDisability	string	True	type=string, pattern=|(\s*([\w\d_=!@#$%\^*\(\){}\[\]\|\\:;',\.\?/~`\-\+<>&"][\s\w\d_=!@#$%\^*\(\){}\[\]\|\\:;',\.\?/~`\-\+<>&"]*)\s*), enum=['1', '2'], REQUIRED	1 : autism, cerebral palsy, or multiple disabilities; 2 : others;
ITR.ITR1.Schedule80DD.DeductionAmount	integer	True	type=integer, minimum=0, maximum=99999999999999, REQUIRED	
ITR.ITR1.Schedule80DD.DependentType	string	True	type=string, pattern=|(\s*([\w\d_=!@#$%\^*\(\){}\[\]\|\\:;',\.\?/~`\-\+<>&"][\s\w\d_=!@#$%\^*\(\){}\[\]\|\\:;',\.\?/~`\-\+<>&"]*)\s*), enum=['1', '2', '3', '4', '5', '6', '7'], REQUIRED	1. Spouse; 2. Son; 3. Daughter; 4. Father; 5. Mother; 6. Brother; 7. Sister;
ITR.ITR1.Schedule80DD.DependentPan	string	False	type=string, pattern=[A-Z]{5}[0-9]{4}[A-Z]	
ITR.ITR1.Schedule80DD.DependentAadhaar	string	False	type=string, pattern=[0-9]{12}	
ITR.ITR1.Schedule80DD.Form10IAAckNum	string	False	type=string, maxLength=15	
ITR.ITR1.Schedule80DD.UDIDNum	string	False	type=string, maxLength=18	
ITR.ITR1.Schedule80U.NatureOfDisability	string	True	type=string, pattern=|(\s*([\w\d_=!@#$%\^*\(\){}\[\]\|\\:;',\.\?/~`\-\+<>&"][\s\w\d_=!@#$%\^*\(\){}\[\]\|\\:;',\.\?/~`\-\+<>&"]*)\s*), enum=['1', '2'], REQUIRED	1 : Self with disability ; 2 : Self with severe disability
ITR.ITR1.Schedule80U.TypeOfDisability	string	True	type=string, pattern=|(\s*([\w\d_=!@#$%\^*\(\){}\[\]\|\\:;',\.\?/~`\-\+<>&"][\s\w\d_=!@#$%\^*\(\){}\[\]\|\\:;',\.\?/~`\-\+<>&"]*)\s*), enum=['1', '2'], REQUIRED	1 : autism, cerebral palsy, or multiple disabilities; 2 : others;
ITR.ITR1.Schedule80U.DeductionAmount	integer	True	type=integer, minimum=0, maximum=99999999999999, REQUIRED	
ITR.ITR1.Schedule80U.Form10IAAckNum	string	False	type=string, maxLength=15	
ITR.ITR1.Schedule80U.UDIDNum	string	False	type=string, maxLength=18	
ITR.ITR1.Schedule80E.Schedule80EDtls[].LoanTknFrom	string	True	type=string, enum=['B', 'I'], REQUIRED	B: Bank, I: Institution
ITR.ITR1.Schedule80E.Schedule80EDtls[].BankOrInstnName	string	True	type=string, minLength=1, maxLength=125, pattern=|(\s*([\w\d_=!@#$%\^*\(\){}\[\]\|\\:;',\.\?/~`\-\+<>&"][\s\w\d_=!@#$%\^*\(\){}\[\]\|\\:;',\.\?/~`\-\+<>&"]*)\s*), REQUIRED	
ITR.ITR1.Schedule80E.Schedule80EDtls[].LoanAccNoOfBankOrInstnRefNo	string	True	type=string, minLength=1, maxLength=20, pattern=^[a-zA-Z0-9][a-zA-Z0-9/-]*$, REQUIRED	
ITR.ITR1.Schedule80E.Schedule80EDtls[].DateofLoan	string	True	type=string, pattern=([12]\d{3}-(0[1-9]|1[0-2])-(0[1-9]|[12]\d|3[01])), REQUIRED	Date in YYYY-MM-DD format
ITR.ITR1.Schedule80E.Schedule80EDtls[].TotalLoanAmt	integer	True	type=integer, minimum=0, maximum=99999999999999, REQUIRED	
ITR.ITR1.Schedule80E.Schedule80EDtls[].LoanOutstndngAmt	integer	True	type=integer, minimum=0, maximum=99999999999999, REQUIRED	
ITR.ITR1.Schedule80E.Schedule80EDtls[].Interest80E	integer	True	type=integer, minimum=0, maximum=99999999999999, REQUIRED	
ITR.ITR1.Schedule80E.TotalInterest80E	integer	True	type=integer, minimum=0, maximum=99999999999999, REQUIRED	
ITR.ITR1.Schedule80EE.Schedule80EEDtls[].LoanTknFrom	string	True	type=string, enum=['B', 'I'], REQUIRED	B: Bank, I: Institution
ITR.ITR1.Schedule80EE.Schedule80EEDtls[].BankOrInstnName	string	True	type=string, minLength=1, maxLength=125, pattern=|(\s*([\w\d_=!@#$%\^*\(\){}\[\]\|\\:;',\.\?/~`\-\+<>&"][\s\w\d_=!@#$%\^*\(\){}\[\]\|\\:;',\.\?/~`\-\+<>&"]*)\s*), REQUIRED	
ITR.ITR1.Schedule80EE.Schedule80EEDtls[].LoanAccNoOfBankOrInstnRefNo	string	True	type=string, minLength=1, maxLength=20, pattern=[a-zA-Z0-9]([/-]?(((\d*[1-9]\d*)*[a-zA-Z/-])|(\d*[1-9]\d*[a-zA-Z]*))+)*[0-9]*, REQUIRED	
ITR.ITR1.Schedule80EE.Schedule80EEDtls[].DateofLoan	string	True	type=string, pattern=([12]\d{3}-(0[1-9]|1[0-2])-(0[1-9]|[12]\d|3[01])), REQUIRED	Date in YYYY-MM-DD format
ITR.ITR1.Schedule80EE.Schedule80EEDtls[].TotalLoanAmt	integer	True	type=integer, minimum=0, maximum=3500000, REQUIRED	
ITR.ITR1.Schedule80EE.Schedule80EEDtls[].LoanOutstndngAmt	integer	True	type=integer, minimum=0, maximum=99999999999999, REQUIRED	
ITR.ITR1.Schedule80EE.Schedule80EEDtls[].Interest80EE	integer	True	type=integer, minimum=0, maximum=99999999999999, REQUIRED	
ITR.ITR1.Schedule80EE.TotalInterest80EE	integer	True	type=integer, minimum=0, maximum=99999999999999, REQUIRED	
ITR.ITR1.Schedule80EEA.PropStmpDtyVal	integer	True	type=integer, minimum=0, maximum=4500000, REQUIRED	
ITR.ITR1.Schedule80EEA.Schedule80EEADtls[].LoanTknFrom	string	True	type=string, enum=['B', 'I'], REQUIRED	B: Bank, I: Institution
ITR.ITR1.Schedule80EEA.Schedule80EEADtls[].BankOrInstnName	string	True	type=string, minLength=1, maxLength=125, pattern=|(\s*([\w\d_=!@#$%\^*\(\){}\[\]\|\\:;',\.\?/~`\-\+<>&"][\s\w\d_=!@#$%\^*\(\){}\[\]\|\\:;',\.\?/~`\-\+<>&"]*)\s*), REQUIRED	
ITR.ITR1.Schedule80EEA.Schedule80EEADtls[].LoanAccNoOfBankOrInstnRefNo	string	True	type=string, minLength=1, maxLength=20, pattern=[a-zA-Z0-9]([/-]?(((\d*[1-9]\d*)*[a-zA-Z/-])|(\d*[1-9]\d*[a-zA-Z]*))+)*[0-9]*, REQUIRED	
ITR.ITR1.Schedule80EEA.Schedule80EEADtls[].DateofLoan	string	True	type=string, pattern=([12]\d{3}-(0[1-9]|1[0-2])-(0[1-9]|[12]\d|3[01])), REQUIRED	Date in YYYY-MM-DD format
ITR.ITR1.Schedule80EEA.Schedule80EEADtls[].TotalLoanAmt	integer	True	type=integer, minimum=0, maximum=99999999999999, REQUIRED	
ITR.ITR1.Schedule80EEA.Schedule80EEADtls[].LoanOutstndngAmt	integer	True	type=integer, minimum=0, maximum=99999999999999, REQUIRED	
ITR.ITR1.Schedule80EEA.Schedule80EEADtls[].Interest80EEA	integer	True	type=integer, minimum=0, maximum=99999999999999, REQUIRED	
ITR.ITR1.Schedule80EEA.TotalInterest80EEA	integer	True	type=integer, minimum=0, maximum=99999999999999, REQUIRED	
ITR.ITR1.Schedule80EEB.Schedule80EEBDtls[].LoanTknFrom	string	True	type=string, enum=['B', 'I'], REQUIRED	B: Bank, I: Institution
ITR.ITR1.Schedule80EEB.Schedule80EEBDtls[].BankOrInstnName	string	True	type=string, minLength=1, maxLength=125, pattern=|(\s*([\w\d_=!@#$%\^*\(\){}\[\]\|\\:;',\.\?/~`\-\+<>&"][\s\w\d_=!@#$%\^*\(\){}\[\]\|\\:;',\.\?/~`\-\+<>&"]*)\s*), REQUIRED	
ITR.ITR1.Schedule80EEB.Schedule80EEBDtls[].LoanAccNoOfBankOrInstnRefNo	string	True	type=string, minLength=1, maxLength=20, pattern=^[a-zA-Z0-9][a-zA-Z0-9/-]*$, REQUIRED	
ITR.ITR1.Schedule80EEB.Schedule80EEBDtls[].DateofLoan	string	True	type=string, pattern=([12]\d{3}-(0[1-9]|1[0-2])-(0[1-9]|[12]\d|3[01])), REQUIRED	Date in YYYY-MM-DD format
ITR.ITR1.Schedule80EEB.Schedule80EEBDtls[].TotalLoanAmt	integer	True	type=integer, minimum=0, maximum=99999999999999, REQUIRED	
ITR.ITR1.Schedule80EEB.Schedule80EEBDtls[].LoanOutstndngAmt	integer	True	type=integer, minimum=0, maximum=99999999999999, REQUIRED	
ITR.ITR1.Schedule80EEB.Schedule80EEBDtls[].VehicleRegNo	string	True	type=string, minLength=1, maxLength=11, pattern=|(\s*([\w\d_=!@#$%\^*\(\){}\[\]\|\\:;',\.\?/~`\-\+<>&"][\s\w\d_=!@#$%\^*\(\){}\[\]\|\\:;',\.\?/~`\-\+<>&"]*)\s*), REQUIRED	
ITR.ITR1.Schedule80EEB.Schedule80EEBDtls[].Interest80EEB	integer	True	type=integer, minimum=0, maximum=99999999999999, REQUIRED	
ITR.ITR1.Schedule80EEB.TotalInterest80EEB	integer	True	type=integer, minimum=0, maximum=99999999999999, REQUIRED	
ITR.ITR1.Schedule80C.Schedule80CDtls[].Amount	integer	True	type=integer, minimum=0, maximum=99999999999999, REQUIRED	
ITR.ITR1.Schedule80C.Schedule80CDtls[].IdentificationNo	string	True	type=string, maxLength=50, REQUIRED	
ITR.ITR1.Schedule80C.TotalAmt	integer	True	type=integer, minimum=0, maximum=99999999999999, REQUIRED	
ITR.ITR1.ScheduleUs24B.ScheduleUs24BDtls[].LoanTknFrom	string	True	type=string, enum=['B', 'I'], REQUIRED	B: Bank, I: Other than Bank
ITR.ITR1.ScheduleUs24B.ScheduleUs24BDtls[].BankOrInstnName	string	True	type=string, minLength=1, maxLength=125, pattern=|(\s*([\w\d_=!@#$%\^*\(\){}\[\]\|\\:;',\.\?/~`\-\+<>&"][\s\w\d_=!@#$%\^*\(\){}\[\]\|\\:;',\.\?/~`\-\+<>&"]*)\s*), REQUIRED	
ITR.ITR1.ScheduleUs24B.ScheduleUs24BDtls[].LoanAccNoOfBankOrInstnRefNo	string	True	type=string, minLength=1, maxLength=20, pattern=[a-zA-Z0-9]([/-]?(((\d*[1-9]\d*)*[a-zA-Z/-])|(\d*[1-9]\d*[a-zA-Z]*))+)*[0-9]*, REQUIRED	
ITR.ITR1.ScheduleUs24B.ScheduleUs24BDtls[].DateofLoan	string	True	type=string, pattern=([12]\d{3}-(0[1-9]|1[0-2])-(0[1-9]|[12]\d|3[01])), REQUIRED	Date in YYYY-MM-DD format
ITR.ITR1.ScheduleUs24B.ScheduleUs24BDtls[].TotalLoanAmt	integer	True	type=integer, minimum=0, maximum=99999999999999, REQUIRED	
ITR.ITR1.ScheduleUs24B.ScheduleUs24BDtls[].LoanOutstndngAmt	integer	True	type=integer, minimum=0, maximum=99999999999999, REQUIRED	
ITR.ITR1.ScheduleUs24B.ScheduleUs24BDtls[].InterestUs24B	integer	True	type=integer, minimum=0, maximum=99999999999999, REQUIRED	
ITR.ITR1.ScheduleUs24B.TotalInterestUs24B	integer	True	type=integer, minimum=0, maximum=99999999999999, REQUIRED	
ITR.ITR1.ScheduleEA10_13A.Placeofwork	string	True	type=string, enum=['1', '2'], REQUIRED	1: Metro, 2: Non-Metro
ITR.ITR1.ScheduleEA10_13A.ActlHRARecv	integer	True	type=integer, minimum=0, maximum=99999999999999, REQUIRED	
ITR.ITR1.ScheduleEA10_13A.ActlRentPaid	integer	True	type=integer, minimum=0, maximum=99999999999999, REQUIRED	
ITR.ITR1.ScheduleEA10_13A.DtlsSalUsSec171	integer	True	type=integer, minimum=0, maximum=99999999999999, REQUIRED	
ITR.ITR1.ScheduleEA10_13A.BasicSalary	integer	True	type=integer, minimum=0, maximum=99999999999999, REQUIRED	
ITR.ITR1.ScheduleEA10_13A.DearnessAllwnc	integer	False	type=integer, minimum=0, maximum=99999999999999	
ITR.ITR1.ScheduleEA10_13A.ActlRentPaid10Per	integer	True	type=integer, minimum=0, maximum=99999999999999, REQUIRED	
ITR.ITR1.ScheduleEA10_13A.Sal40Or50Per	integer	True	type=integer, minimum=0, maximum=99999999999999, REQUIRED	
ITR.ITR1.ScheduleEA10_13A.EligbleExmpAllwncUs13A	integer	True	type=integer, minimum=0, maximum=99999999999999, REQUIRED	
ITR.ITR1.TDSonSalaries.TDSonSalary[].EmployerOrDeductorOrCollectDetl.TAN	string	True	type=string, pattern=HYD[A-Z][0-9]{5}[A-Z]|VPN[A-Z][0-9]{5}[A-Z]|BBN[A-Z][0-9]{5}[A-Z]|BPL[A-Z][0-9]{5}[A-Z]|JBP[A-Z][0-9]{5}[A-Z]|CHE[A-Z][0-9]{5}[A-Z]|CMB[A-Z][0-9]{5}[A-Z]|MRI[A-Z][0-9]{5}[A-Z]|DEL[A-Z][0-9]{5}[A-Z]|CAL[A-Z][0-9]{5}[A-Z]|MRT[A-Z][0-9]{5}[A-Z]|AHM[A-Z][0-9]{5}[A-Z]|BRD[A-Z][0-9]{5}[A-Z]|RKT[A-Z][0-9]{5}[A-Z]|SRT[A-Z][0-9]{5}[A-Z]|BLR[A-Z][0-9]{5}[A-Z]|AGR[A-Z][0-9]{5}[A-Z]|KNP[A-Z][0-9]{5}[A-Z]|CHN[A-Z][0-9]{5}[A-Z]|TVD[A-Z][0-9]{5}[A-Z]|ALD[A-Z][0-9]{5}[A-Z]|LKN[A-Z][0-9]{5}[A-Z]|MUM[A-Z][0-9]{5}[A-Z]|NGP[A-Z][0-9]{5}[A-Z]|AMR[A-Z][0-9]{5}[A-Z]|JLD[A-Z][0-9]{5}[A-Z]|PTL[A-Z][0-9]{5}[A-Z]|RTK[A-Z][0-9]{5}[A-Z]|KLP[A-Z][0-9]{5}[A-Z]|NSK[A-Z][0-9]{5}[A-Z]|PNE[A-Z][0-9]{5}[A-Z]|PTN[A-Z][0-9]{5}[A-Z]|RCH[A-Z][0-9]{5}[A-Z]|JDH[A-Z][0-9]{5}[A-Z]|JPR[A-Z][0-9]{5}[A-Z]|SHL[A-Z][0-9]{5}[A-Z], REQUIRED	
ITR.ITR1.TDSonSalaries.TDSonSalary[].EmployerOrDeductorOrCollectDetl.EmployerOrDeductorOrCollecterName	string	True	type=string, minLength=1, maxLength=125, pattern=|(\s*([\w\d_=!@#$%\^*\(\){}\[\]\|\\:;',\.\?/~`\-\+<>&"][\s\w\d_=!@#$%\^*\(\){}\[\]\|\\:;',\.\?/~`\-\+<>&"]*)\s*), REQUIRED	
ITR.ITR1.TDSonSalaries.TDSonSalary[].IncChrgSal	integer	True	type=integer, minimum=0, maximum=99999999999999, REQUIRED	
ITR.ITR1.TDSonSalaries.TDSonSalary[].TotalTDSSal	integer	True	type=integer, minimum=0, maximum=99999999999999, REQUIRED	
ITR.ITR1.TDSonSalaries.TotalTDSonSalaries	integer	True	type=integer, minimum=0, maximum=99999999999999, REQUIRED	
ITR.ITR1.TDSonOthThanSals.TDSonOthThanSal[].EmployerOrDeductorOrCollectDetl.TAN	string	True	type=string, pattern=HYD[A-Z][0-9]{5}[A-Z]|VPN[A-Z][0-9]{5}[A-Z]|BBN[A-Z][0-9]{5}[A-Z]|BPL[A-Z][0-9]{5}[A-Z]|JBP[A-Z][0-9]{5}[A-Z]|CHE[A-Z][0-9]{5}[A-Z]|CMB[A-Z][0-9]{5}[A-Z]|MRI[A-Z][0-9]{5}[A-Z]|DEL[A-Z][0-9]{5}[A-Z]|CAL[A-Z][0-9]{5}[A-Z]|MRT[A-Z][0-9]{5}[A-Z]|AHM[A-Z][0-9]{5}[A-Z]|BRD[A-Z][0-9]{5}[A-Z]|RKT[A-Z][0-9]{5}[A-Z]|SRT[A-Z][0-9]{5}[A-Z]|BLR[A-Z][0-9]{5}[A-Z]|AGR[A-Z][0-9]{5}[A-Z]|KNP[A-Z][0-9]{5}[A-Z]|CHN[A-Z][0-9]{5}[A-Z]|TVD[A-Z][0-9]{5}[A-Z]|ALD[A-Z][0-9]{5}[A-Z]|LKN[A-Z][0-9]{5}[A-Z]|MUM[A-Z][0-9]{5}[A-Z]|NGP[A-Z][0-9]{5}[A-Z]|AMR[A-Z][0-9]{5}[A-Z]|JLD[A-Z][0-9]{5}[A-Z]|PTL[A-Z][0-9]{5}[A-Z]|RTK[A-Z][0-9]{5}[A-Z]|KLP[A-Z][0-9]{5}[A-Z]|NSK[A-Z][0-9]{5}[A-Z]|PNE[A-Z][0-9]{5}[A-Z]|PTN[A-Z][0-9]{5}[A-Z]|RCH[A-Z][0-9]{5}[A-Z]|JDH[A-Z][0-9]{5}[A-Z]|JPR[A-Z][0-9]{5}[A-Z]|SHL[A-Z][0-9]{5}[A-Z], REQUIRED	
ITR.ITR1.TDSonOthThanSals.TDSonOthThanSal[].EmployerOrDeductorOrCollectDetl.EmployerOrDeductorOrCollecterName	string	True	type=string, minLength=1, maxLength=125, pattern=|(\s*([\w\d_=!@#$%\^*\(\){}\[\]\|\\:;',\.\?/~`\-\+<>&"][\s\w\d_=!@#$%\^*\(\){}\[\]\|\\:;',\.\?/~`\-\+<>&"]*)\s*), REQUIRED	
ITR.ITR1.TDSonOthThanSals.TDSonOthThanSal[].TDSSection	string	True	type=string, pattern=|(\s*([\w\d_=!@#$%\^*\(\){}\[\]\|\\:;',\.\?/~`\-\+<>&"][\s\w\d_=!@#$%\^*\(\){}\[\]\|\\:;',\.\?/~`\-\+<>&"]*)\s*), enum=['92A', '92B', '92C', '192A', '193', '194', '94A', '94B', '94BA', '4BB', '94C', '94D', '4DA', '94E', '4EE', '4F', '4G', '4H', '4-IA', '4-IB', '4IA', '4IB', '4IC…], REQUIRED	92A:192- Salary-Payment to Government employees other than Indian Government employees; 92B:192- Salary-Payment to employees other than Government employees; 92C:192- Salary-Payment to Indian Government employees; 192A:192A/2AA- TDS on PF withdrawal; 193:193- Interest on Securities; 194:194- Dividends; 94A:194A- Interest other than 'Interest on securities'; 94B:194B- Winning from lottery or crossword puzzle; 94BA:194BA- Winnings from online games; 4BB:194BB- Winning from horse race; 94C:194C- Payments to contractors and sub-contractors; 94D:194D- Insurance commission; 4DA:194DA- Payment in respect of life insurance policy; 94E:194E- Payments to non-resident sportsmen or sports associations; 4EE:194EE- Payments in respect of deposits under National Savings; 4F:194F/94F- Payments on account of repurchase of units by Mutual Fund or Unit Trust of India; 4G:194G/94G- Commission, price, etc. on sale of lottery tickets; 4H:194H/94H- Commission or brokerage; 4-IA:194I(a)/4IA- Rent on hiring of plant and machinery; 4-IB:194I(b)/4IB - Rent on other than plant and machinery; 4IA:194IA/9IA- TDS on Sale of immovable property; 4IB:194IB/9IB- Payment of rent by certain individuals or Hindu undivided; 4IC:194IC- Payment under specified agreement; 94J-A:194J(a)/4JA - Fees for technical services; 94J-B:194J(b)/4JB- Fees for professional services or royalty etc; 94K:194K- Income payable to a resident assessee in respect of units of a specified mutual fund or of the units of the Unit Trust of India; 4LA:194LA- Payment of compensation on acquisition of certain immovable; 4LB:194LB- Income by way of Interest from Infrastructure Debt fund; 4LC1:194LC/LC1- 194LC (2)(i) and (ia) Income under clause (i) and (ia) of sub-section (2) of section 194LC; 4LC2:194LC/LC2- 194LC (2)(ib) Income under clause (ib) of sub-section (2) of section 194LC; 4LC3:194LC/LC3- 194LC (2)(ic) Income under clause (ic) of sub-section (2) of section 194LC; 4BA1:194LBA(a)/BA1- Certain income in the form of interest from units of a business trust to a resident unit holder; 4BA2: 194LBA(b)/BA2- Certain income in the form of dividend from units of a business trust to a resident unit holder; LBA1:194LBA(a)/BA1- 194LBA(a) income referred to in section 10(23FC)(a) from units of a business trust-NR; LBA2:194LBA(b)/BA2-194LBA(b) Income referred to in section 10(23FC)(b) from units of a business trust-NR; LBA3:194LBA(c)/BA3- 194LBA(c) Income referred to in section 10(23FCA) from units of a business trust-NR; LBB: 194LBB- Income in respect of units of investment fund; 94R:194R- Benefits or perquisites of business or profession; 94S:194S- Payment of consideration for transfer of virtual digital asset by persons other than specified persons; 94B-P:Proviso to section 194B/4BP- Winnings from lotteries and crossword puzzles where consideration is made in kind or cash is not sufficient to meet the tax liability and tax has been paid before such winnings are released; 94R-P: First Proviso to sub-section(1) of section 194R/4RP- Benefits or perquisites of business or profession where such benefit is provided in kind or where part in cash is not sufficient to meet tax liability and tax required to be deducted is paid before such benefit is released; 94S-P:Proviso to sub- section(1) of section 194S/4SP- Payment for transfer of virtual digital asset where payment is in kind or in exchange of another virtual digital asset and tax required to be deducted is paid before such payment is released; LBC:194LBC- Income in respect of investment in securitization trust; 4LD:194LD- TDS on interest on bonds / government securities; 94M:194M- Payment of certain sums by certain individuals or HUF; 94N:194N- Payment of certain amounts in cash other than cases covered by first proviso or third proviso; 94N-F: 194N/4NF -First Proviso Payment of certain amounts in cash to non-filers except in case of co-operativesocieties; 94N-C:194N/4NC- Third Proviso Payment of certain amounts in cash to co-operative societies not covered by first proviso; 94N-FT: 194N/NFT- First Proviso read with Third Proviso Payment of certain amount in cash to non-filers being co-operative societies; 94O:194O- Payment of certain sums by e-commerce operator to e-commerce participant.; 94P: 194P- Deduction of tax in case of specified senior citizen; 94Q:194Q- Deduction of tax at source on payment of certain sum for purchase of goods; 195:195- Other sums payable to a non-resident; 96A:196A- Income in respect of units of non-residents; 96B:196B- Payments in respect of units to an offshore fund; 96C:196C- Income from foreign currency bonds or shares of Indian; 96D:196D- Income of foreign institutional investors from securities; 96DA:196D(1A)/6DA- Income of specified fund from securities; 94BA-P: 194BA(2)/BAP-Sub-section (2) of section 194BA Net Winnings from online games where the net winnings are made in kind or cash is not sufficient to meet the tax liability and tax has been paid before such net winnings are released;
ITR.ITR1.TDSonOthThanSals.TDSonOthThanSal[].AmtForTaxDeduct	integer	True	type=integer, minimum=0, maximum=99999999999999, REQUIRED	
ITR.ITR1.TDSonOthThanSals.TDSonOthThanSal[].DeductedYr	string	True	type=string, pattern=|(\s*([\w\d_=!@#$%\^*\(\){}\[\]\|\\:;',\.\?/~`\-\+<>&"][\s\w\d_=!@#$%\^*\(\){}\[\]\|\\:;',\.\?/~`\-\+<>&"]*)\s*), enum=['2024', '2023', '2022', '2021', '2020', '2019', '2018', '2017', '2016', '2015', '2014', '2013', '2012', '2011', '2010', '2009', '2008'], REQUIRED	2024: 2024-25; 2023: 2023-24; 2022: 2022-23; 2021: 2021-22; 2020: 2020-21; 2019: 2019-20; 2018: 2018-19; 2017: 2017-18; 2016: 2016-17; 2015: 2015-16; 2014: 2014-15; 2013: 2013-14; 2012: 2012-13; 2011: 2011-12; 2010: 2010-11; 2009: 2009-10; 2008: 2008-09
ITR.ITR1.TDSonOthThanSals.TDSonOthThanSal[].TotTDSOnAmtPaid	integer	True	type=integer, minimum=0, maximum=99999999999999, REQUIRED	
ITR.ITR1.TDSonOthThanSals.TDSonOthThanSal[].ClaimOutOfTotTDSOnAmtPaid	integer	True	type=integer, minimum=0, maximum=99999999999999, REQUIRED	
ITR.ITR1.TDSonOthThanSals.TotalTDSonOthThanSals	integer	True	type=integer, minimum=0, maximum=99999999999999, REQUIRED	
ITR.ITR1.ScheduleTDS3Dtls.TDS3Details[].PANofTenant	string	True	type=string, pattern=[A-Z]{5}[0-9]{4}[A-Z], REQUIRED	
ITR.ITR1.ScheduleTDS3Dtls.TDS3Details[].AadhaarofTenant	string	False	type=string, pattern=[0-9]{12}	
ITR.ITR1.ScheduleTDS3Dtls.TDS3Details[].TDSSection	string	True	type=string, pattern=|(\s*([\w\d_=!@#$%\^*\(\){}\[\]\|\\:;',\.\?/~`\-\+<>&"][\s\w\d_=!@#$%\^*\(\){}\[\]\|\\:;',\.\?/~`\-\+<>&"]*)\s*), enum=['92A', '92B', '92C', '192A', '193', '194', '94A', '94B', '94BA', '4BB', '94C', '94D', '4DA', '94E', '4EE', '4F', '4G', '4H', '4-IA', '4-IB', '4IA', '4IB', '4IC…], REQUIRED	92A:192- Salary-Payment to Government employees other than Indian Government employees; 92B:192- Salary-Payment to employees other than Government employees; 92C:192- Salary-Payment to Indian Government employees; 192A:192A/2AA- TDS on PF withdrawal; 193:193- Interest on Securities; 194:194- Dividends; 94A:194A- Interest other than 'Interest on securities'; 94B:194B- Winning from lottery or crossword puzzle; 94BA:194BA- Winnings from online games; 4BB:194BB- Winning from horse race; 94C:194C- Payments to contractors and sub-contractors; 94D:194D- Insurance commission; 4DA:194DA- Payment in respect of life insurance policy; 94E:194E- Payments to non-resident sportsmen or sports associations; 4EE:194EE- Payments in respect of deposits under National Savings; 4F:194F/94F- Payments on account of repurchase of units by Mutual Fund or Unit Trust of India; 4G:194G/94G- Commission, price, etc. on sale of lottery tickets; 4H:194H/94H- Commission or brokerage; 4-IA:194I(a)/4IA- Rent on hiring of plant and machinery; 4-IB:194I(b)/4IB - Rent on other than plant and machinery; 4IA:194IA/9IA- TDS on Sale of immovable property; 4IB:194IB/9IB- Payment of rent by certain individuals or Hindu undivided; 4IC:194IC- Payment under specified agreement; 94J-A:194J(a)/4JA - Fees for technical services; 94J-B:194J(b)/4JB- Fees for professional services or royalty etc; 94K:194K- Income payable to a resident assessee in respect of units of a specified mutual fund or of the units of the Unit Trust of India; 4LA:194LA- Payment of compensation on acquisition of certain immovable; 4LB:194LB- Income by way of Interest from Infrastructure Debt fund; 4LC1:194LC/LC1- 194LC (2)(i) and (ia) Income under clause (i) and (ia) of sub-section (2) of section 194LC; 4LC2:194LC/LC2- 194LC (2)(ib) Income under clause (ib) of sub-section (2) of section 194LC; 4LC3:194LC/LC3- 194LC (2)(ic) Income under clause (ic) of sub-section (2) of section 194LC; 4BA1:194LBA(a)/BA1- Certain income in the form of interest from units of a business trust to a resident unit holder; 4BA2: 194LBA(b)/BA2- Certain income in the form of dividend from units of a business trust to a resident unit holder; LBA1:194LBA(a)/BA1- 194LBA(a) income referred to in section 10(23FC)(a) from units of a business trust-NR; LBA2:194LBA(b)/BA2-194LBA(b) Income referred to in section 10(23FC)(b) from units of a business trust-NR; LBA3:194LBA(c)/BA3- 194LBA(c) Income referred to in section 10(23FCA) from units of a business trust-NR; LBB: 194LBB- Income in respect of units of investment fund; 94R:194R- Benefits or perquisites of business or profession; 94S:194S- Payment of consideration for transfer of virtual digital asset by persons other than specified persons; 94B-P:Proviso to section 194B/4BP- Winnings from lotteries and crossword puzzles where consideration is made in kind or cash is not sufficient to meet the tax liability and tax has been paid before such winnings are released; 94R-P: First Proviso to sub-section(1) of section 194R/4RP- Benefits or perquisites of business or profession where such benefit is provided in kind or where part in cash is not sufficient to meet tax liability and tax required to be deducted is paid before such benefit is released; 94S-P:Proviso to sub- section(1) of section 194S/4SP- Payment for transfer of virtual digital asset where payment is in kind or in exchange of another virtual digital asset and tax required to be deducted is paid before such payment is released; LBC:194LBC- Income in respect of investment in securitization trust; 4LD:194LD- TDS on interest on bonds / government securities; 94M:194M- Payment of certain sums by certain individuals or HUF; 94N:194N- Payment of certain amounts in cash other than cases covered by first proviso or third proviso; 94N-F: 194N/4NF -First Proviso Payment of certain amounts in cash to non-filers except in case of co-operativesocieties; 94N-C:194N/4NC- Third Proviso Payment of certain amounts in cash to co-operative societies not covered by first proviso; 94N-FT: 194N/NFT- First Proviso read with Third Proviso Payment of certain amount in cash to non-filers being co-operative societies; 94O:194O- Payment of certain sums by e-commerce operator to e-commerce participant.; 94P: 194P- Deduction of tax in case of specified senior citizen; 94Q:194Q- Deduction of tax at source on payment of certain sum for purchase of goods; 195:195- Other sums payable to a non-resident; 96A:196A- Income in respect of units of non-residents; 96B:196B- Payments in respect of units to an offshore fund; 96C:196C- Income from foreign currency bonds or shares of Indian; 96D:196D- Income of foreign institutional investors from securities; 96DA:196D(1A)/6DA- Income of specified fund from securities; 94BA-P: 194BA(2)/BAP-Sub-section (2) of section 194BA Net Winnings from online games where the net winnings are made in kind or cash is not sufficient to meet the tax liability and tax has been paid before such net winnings are released;
ITR.ITR1.ScheduleTDS3Dtls.TDS3Details[].NameOfTenant	string	True	type=string, minLength=1, maxLength=125, pattern=|(\s*([\w\d_=!@#$%\^*\(\){}\[\]\|\\:;',\.\?/~`\-\+<>&"][\s\w\d_=!@#$%\^*\(\){}\[\]\|\\:;',\.\?/~`\-\+<>&"]*)\s*), REQUIRED	
ITR.ITR1.ScheduleTDS3Dtls.TDS3Details[].GrsRcptToTaxDeduct	integer	True	type=integer, minimum=0, maximum=99999999999999, REQUIRED	
ITR.ITR1.ScheduleTDS3Dtls.TDS3Details[].DeductedYr	string	True	type=string, pattern=|(\s*([\w\d_=!@#$%\^*\(\){}\[\]\|\\:;',\.\?/~`\-\+<>&"][\s\w\d_=!@#$%\^*\(\){}\[\]\|\\:;',\.\?/~`\-\+<>&"]*)\s*), enum=['2024', '2023', '2022', '2021', '2020', '2019', '2018', '2017'], REQUIRED	2024:2024-25; 2023:2023-24; 2022:2022-23; 2021:2021-22; 2020:2020-21; 2019:2019-20; 2018:2018-19; 2017:2017-18;
ITR.ITR1.ScheduleTDS3Dtls.TDS3Details[].TDSDeducted	integer	True	type=integer, minimum=0, maximum=99999999999999, REQUIRED	
ITR.ITR1.ScheduleTDS3Dtls.TDS3Details[].TDSClaimed	integer	True	type=integer, minimum=0, maximum=99999999999999, REQUIRED	
ITR.ITR1.ScheduleTDS3Dtls.TotalTDS3Details	integer	True	type=integer, minimum=0, maximum=99999999999999, REQUIRED	
ITR.ITR1.ScheduleTCS.TCS[].EmployerOrDeductorOrCollectDetl.TAN	string	True	type=string, pattern=HYD[A-Z][0-9]{5}[A-Z]|VPN[A-Z][0-9]{5}[A-Z]|BBN[A-Z][0-9]{5}[A-Z]|BPL[A-Z][0-9]{5}[A-Z]|JBP[A-Z][0-9]{5}[A-Z]|CHE[A-Z][0-9]{5}[A-Z]|CMB[A-Z][0-9]{5}[A-Z]|MRI[A-Z][0-9]{5}[A-Z]|DEL[A-Z][0-9]{5}[A-Z]|CAL[A-Z][0-9]{5}[A-Z]|MRT[A-Z][0-9]{5}[A-Z]|AHM[A-Z][0-9]{5}[A-Z]|BRD[A-Z][0-9]{5}[A-Z]|RKT[A-Z][0-9]{5}[A-Z]|SRT[A-Z][0-9]{5}[A-Z]|BLR[A-Z][0-9]{5}[A-Z]|AGR[A-Z][0-9]{5}[A-Z]|KNP[A-Z][0-9]{5}[A-Z]|CHN[A-Z][0-9]{5}[A-Z]|TVD[A-Z][0-9]{5}[A-Z]|ALD[A-Z][0-9]{5}[A-Z]|LKN[A-Z][0-9]{5}[A-Z]|MUM[A-Z][0-9]{5}[A-Z]|NGP[A-Z][0-9]{5}[A-Z]|AMR[A-Z][0-9]{5}[A-Z]|JLD[A-Z][0-9]{5}[A-Z]|PTL[A-Z][0-9]{5}[A-Z]|RTK[A-Z][0-9]{5}[A-Z]|KLP[A-Z][0-9]{5}[A-Z]|NSK[A-Z][0-9]{5}[A-Z]|PNE[A-Z][0-9]{5}[A-Z]|PTN[A-Z][0-9]{5}[A-Z]|RCH[A-Z][0-9]{5}[A-Z]|JDH[A-Z][0-9]{5}[A-Z]|JPR[A-Z][0-9]{5}[A-Z]|SHL[A-Z][0-9]{5}[A-Z], REQUIRED	
ITR.ITR1.ScheduleTCS.TCS[].EmployerOrDeductorOrCollectDetl.EmployerOrDeductorOrCollecterName	string	True	type=string, minLength=1, maxLength=125, pattern=|(\s*([\w\d_=!@#$%\^*\(\){}\[\]\|\\:;',\.\?/~`\-\+<>&"][\s\w\d_=!@#$%\^*\(\){}\[\]\|\\:;',\.\?/~`\-\+<>&"]*)\s*), REQUIRED	
ITR.ITR1.ScheduleTCS.TCS[].AmtTaxCollected	integer	True	type=integer, minimum=0, maximum=99999999999999, REQUIRED	
ITR.ITR1.ScheduleTCS.TCS[].CollectedYr	string	True	type=string, enum=['2024', '2023', '2022', '2021', '2020', '2019', '2018', '2017', '2016', '2015', '2014', '2013', '2012', '2011', '2010', '2009', '2008'], REQUIRED	2024: 2024-25; 2023: 2023-24; 2022: 2022-23; 2021: 2021-22; 2020: 2020-21; 2019: 2019-20; 2018: 2018-19; 2017: 2017-18; 2016: 2016-17; 2015: 2015-16; 2014: 2014-15; 2013: 2013-14; 2012: 2012-13; 2011: 2011-12; 2010: 2010-11; 2009: 2009-10; 2008: 2008-09
ITR.ITR1.ScheduleTCS.TCS[].TotalTCS	integer	True	type=integer, minimum=0, maximum=99999999999999, REQUIRED	
ITR.ITR1.ScheduleTCS.TCS[].AmtTCSClaimedThisYear	integer	True	type=integer, minimum=0, maximum=99999999999999, REQUIRED	Amount out of (5) claimed for this year
ITR.ITR1.ScheduleTCS.TotalSchTCS	integer	True	type=integer, minimum=0, maximum=99999999999999, REQUIRED	
ITR.ITR1.TaxPayments.TaxPayment[].BSRCode	string	True	type=string, pattern=[0-9]{3}[0-9A-Z]{4}, REQUIRED	
ITR.ITR1.TaxPayments.TaxPayment[].DateDep	string	True	type=string, pattern=([12]\d{3}-(0[1-9]|1[0-2])-(0[1-9]|[12]\d|3[01])), REQUIRED	Date of deposit should be on or after 2024-04-01 in YYYY-MM-DD format
ITR.ITR1.TaxPayments.TaxPayment[].SrlNoOfChaln	integer	True	type=integer, minimum=0, maximum=99999, REQUIRED	
ITR.ITR1.TaxPayments.TaxPayment[].Amt	integer	True	type=integer, minimum=0, maximum=99999999999999, REQUIRED	
ITR.ITR1.TaxPayments.TotalTaxPayments	integer	True	type=integer, minimum=0, maximum=99999999999999, REQUIRED	
ITR.ITR1.LTCG112A.TotSaleCnsdrn	integer	True	type=integer, minimum=0, maximum=99999999999999, REQUIRED	
ITR.ITR1.LTCG112A.TotCstAcqisn	integer	True	type=integer, minimum=0, maximum=99999999999999, REQUIRED	
ITR.ITR1.LTCG112A.LongCap112A	integer	True	type=integer, minimum=0, maximum=125000, REQUIRED	
ITR.ITR1.Verification.Declaration.AssesseeVerName	string	True	type=string, minLength=1, maxLength=127, pattern=|(\s*([\w\d_=!@#$%\^*\(\){}\[\]\|\\:;',\.\?/~`\-\+<>&"][\s\w\d_=!@#$%\^*\(\){}\[\]\|\\:;',\.\?/~`\-\+<>&"]*)\s*), REQUIRED	
ITR.ITR1.Verification.Declaration.FatherName	string	True	type=string, minLength=1, maxLength=125, pattern=|(\s*([\w\d_=!@#$%\^*\(\){}\[\]\|\\:;',\.\?/~`\-\+<>&"][\s\w\d_=!@#$%\^*\(\){}\[\]\|\\:;',\.\?/~`\-\+<>&"]*)\s*), REQUIRED	
ITR.ITR1.Verification.Declaration.AssesseeVerPAN	string	True	type=string, pattern=[A-Z]{5}[0-9]{4}[A-Z], REQUIRED	
ITR.ITR1.Verification.Capacity	string	True	type=string, enum=['S', 'R'], REQUIRED	S : Self ; R : Representative
ITR.ITR1.Verification.Place	string	True	type=string, minLength=1, maxLength=50, pattern=|(\s*([\w\d_=!@#$%\^*\(\){}\[\]\|\\:;',\.\?/~`\-\+<>&"][\s\w\d_=!@#$%\^*\(\){}\[\]\|\\:;',\.\?/~`\-\+<>&"]*)\s*), REQUIRED	
ITR.ITR1.TaxReturnPreparer.IdentificationNoOfTRP	string	True	type=string, pattern=[T][0-9]{9}|[0-9]{6}, REQUIRED	
ITR.ITR1.TaxReturnPreparer.NameOfTRP	string	True	type=string, minLength=1, maxLength=125, pattern=|(\s*([\w\d_=!@#$%\^*\(\){}\[\]\|\\:;',\.\?/~`\-\+<>&"][\s\w\d_=!@#$%\^*\(\){}\[\]\|\\:;',\.\?/~`\-\+<>&"]*)\s*), REQUIRED	
ITR.ITR1.TaxReturnPreparer.ReImbFrmGov	integer	False	type=integer, minimum=0, maximum=99999999999999	
